Skip to content	Przejdź do treści	Zum Inhalt springen	Aller au contenu
Products	Produkty	Produkte	Produits
About	O nas	Über uns	À propos
Distributors	Dystrybutorzy	Vertriebspartner	Distributeurs
Contact	Kontakt	Kontakt	Contact
Contact us	Skontaktuj się z nami	Kontakt aufnehmen	Contactez-nous
Catalogs	Katalogi	Kataloge	Catalogues
Catalog	Katalog	Katalog	Catalogue
Trade shows	Targi	Messen	Salons
Spare parts	Części zamienne	Ersatzteile	Pièces détachées
Spare Parts	Części zamienne	Ersatzteile	Pièces détachées
spare parts	części zamienne	Ersatzteile	pièces détachées
Request a quote	Zapytaj o ofertę	Angebot anfordern	Demander un devis
Language	Język	Sprache	Langue
Main navigation	Nawigacja główna	Hauptnavigation	Navigation principale
Open menu	Otwórz menu	Menü öffnen	Ouvrir le menu
Pro Games home	Pro Games — strona główna	Pro Games — Startseite	Pro Games — accueil
WE BUILD	TWORZYMY	WIR BAUEN	NOUS CRÉONS
THE GAME.	ROZRYWKĘ.	SPIELSPASS.	LE JEU.
Professional entertainment machines	Profesjonalne automaty rozrywkowe	Professionelle Unterhaltungsautomaten	Des machines de divertissement professionnelles
Explore machines	Poznaj automaty	Automaten entdecken	Découvrir les machines
SCROLL TO PRODUCTS	ZOBACZ PRODUKTY	ZU DEN PRODUKTEN	VOIR LES PRODUITS
MADE IN POLAND · BUILT FOR PLAY	POLSKA PRODUKCJA · STWORZONE DO ZABAWY	AUS POLEN · FÜR SPIELSPASS GEMACHT	FABRIQUÉ EN POLOGNE · CONÇU POUR LE JEU
OUR MACHINES	NASZE AUTOMATY	UNSERE AUTOMATEN	NOS MACHINES
CURRENT PRODUCT RANGE	AKTUALNA OFERTA	AKTUELLES SORTIMENT	GAMME ACTUELLE
Explore the current Pro Games range — from Standard and Premium boxers to combo machines, kids models, strength testers and distributed attractions.	Znajdź automat dopasowany do Twojego obiektu. Poznaj boksery Standard i Premium, urządzenia wielofunkcyjne, modele dla dzieci, testery siły oraz wybrane atrakcje z oferty dystrybucyjnej.	Entdecken Sie das aktuelle Sortiment von Pro Games: Boxautomaten der Serien Standard und Premium, Kombigeräte, Kindermodelle, Kraftmesser und ausgewählte Attraktionen unserer Vertriebspartner.	Découvrez la gamme Pro Games : machines de boxe Standard et Premium, modèles combinés, jeux pour enfants, testeurs de force et une sélection d’attractions de nos partenaires.
ALL	WSZYSTKIE	ALLE	TOUT
BOXERS	BOKSERY	BOXAUTOMATEN	BOXE
COMBO / 3-IN-1	COMBO / 3 W 1	KOMBI / 3-IN-1	COMBINÉS / 3-EN-1
KIDS	DLA DZIECI	KINDER	ENFANTS
KICKER / HAMMER	KOPACZE / MŁOTY	KICKER / HAMMER	FOOT / MARTEAUX
DISTRIBUTED	DYSTRYBUCJA	VERTRIEBSPRODUKTE	DISTRIBUTION
Search	Szukaj	Suche	Rechercher
Find a machine…	Znajdź automat…	Automaten suchen…	Rechercher une machine…
Find a model…	Znajdź model…	Modell suchen…	Rechercher un modèle…
Clear filters	Wyczyść filtry	Filter zurücksetzen	Effacer les filtres
Filter machines by category	Filtruj automaty według kategorii	Automaten nach Kategorie filtern	Filtrer les machines par catégorie
No matching products. Change your search or clear the filters.	Brak pasujących produktów. Zmień wyszukiwanie lub wyczyść filtry.	Keine passenden Produkte gefunden. Ändern Sie die Suche oder setzen Sie die Filter zurück.	Aucun produit ne correspond à votre recherche. Modifiez-la ou effacez les filtres.
Enable JavaScript to explore models, or browse the PDF catalog.	Włącz JavaScript, aby przeglądać modele, lub otwórz katalog PDF.	Aktivieren Sie JavaScript, um die Modelle zu entdecken, oder öffnen Sie den PDF-Katalog.	Activez JavaScript pour découvrir les modèles ou consultez le catalogue PDF.
View product ↗	Zobacz produkt ↗	Produkt ansehen ↗	Voir le produit ↗
Explore 15 models ↗	Poznaj 15 modeli ↗	15 Modelle entdecken ↗	Découvrir les 15 modèles ↗
15 MODELS	15 MODELI	15 MODELLE	15 MODÈLES
NEW 2026	NOWOŚĆ 2026	NEU 2026	NOUVEAUTÉ 2026
BESTSELLER	BESTSELLER	BESTSELLER	MEILLEURE VENTE
Parts list	Katalog części	Ersatzteilkatalog	Catalogue de pièces
SPARE PARTS CATALOG	KATALOG CZĘŚCI ZAMIENNYCH	ERSATZTEILKATALOG	CATALOGUE DE PIÈCES DÉTACHÉES
View parts catalog ↗	Zobacz katalog części ↗	Ersatzteilkatalog ansehen ↗	Voir le catalogue de pièces ↗
FULL PRODUCT RANGE / PDF	PEŁNA OFERTA / PDF	GESAMTES SORTIMENT / PDF	GAMME COMPLÈTE / PDF
View the complete Pro Games catalog	Zobacz pełny katalog Pro Games	Den gesamten Pro Games Katalog ansehen	Consultez le catalogue complet Pro Games
Open the current official product catalog as a PDF or save it for later.	Otwórz aktualny katalog produktów w formacie PDF lub pobierz go na później.	Öffnen Sie den aktuellen Produktkatalog als PDF oder speichern Sie ihn für später.	Consultez le catalogue actuel au format PDF ou téléchargez-le pour le retrouver plus tard.
View catalog PDF ↗	Zobacz katalog PDF ↗	PDF-Katalog ansehen ↗	Voir le catalogue PDF ↗
WHY PRO GAMES	DLACZEGO PRO GAMES	WARUM PRO GAMES	POURQUOI PRO GAMES
BUILT FOR OPERATORS.	Z MYŚLĄ O OPERATORACH.	FÜR BETREIBER ENTWICKELT.	PENSÉ POUR LES EXPLOITANTS.
REAL ENTERTAINMENT.	PRAWDZIWA ROZRYWKA.	ECHTER SPIELSPASS.	LE PLAISIR DU JEU.
Polish production, commercial construction, spare parts and technical support — the essentials operators need from an amusement-machine partner.	Polska produkcja, konstrukcja do intensywnej eksploatacji, części zamienne i wsparcie techniczne. Wszystko, czego operator potrzebuje od sprawdzonego producenta automatów.	Polnische Fertigung, robuste Technik für den gewerblichen Einsatz, Ersatzteile und technischer Support: Darauf können sich Betreiber bei uns verlassen.	Fabrication polonaise, conception pour un usage professionnel, pièces détachées et assistance technique : l’essentiel pour accompagner les exploitants au quotidien.
Polish production	Polska produkcja	Produktion in Polen	Fabrication polonaise
Solid construction	Solidna konstrukcja	Robuste Bauweise	Construction robuste
Modern design	Nowoczesny design	Modernes Design	Design moderne
FOR OPERATORS	DLA OPERATORÓW	FÜR BETREIBER	POUR LES EXPLOITANTS
TURN ENTERTAINMENT	ZAMIEŃ ROZRYWKĘ	MACHEN SIE SPIELSPASS	FAITES DU JEU
INTO BUSINESS.	W BIZNES.	ZUM GESCHÄFT.	VOTRE ACTIVITÉ.
Machines for venues where entertainment needs to attract attention, create competition and give guests another reason to play.	Automaty do miejsc, w których rozrywka ma przyciągać uwagę, zachęcać do rywalizacji i sprawiać, że goście chcą zagrać jeszcze raz.	Automaten für Standorte, an denen Unterhaltung auffallen, Wettbewerb wecken und Gäste immer wieder zum Spielen einladen soll.	Des machines pour les lieux où le divertissement doit attirer le regard, susciter la compétition et donner envie de rejouer.
ARCADES	SALONY GIER	SPIELHALLEN	SALLES D’ARCADE
FAMILY ENTERTAINMENT CENTRES	RODZINNE CENTRA ROZRYWKI	FAMILIEN-FREIZEITZENTREN	CENTRES DE LOISIRS FAMILIAUX
AMUSEMENT PARKS	PARKI ROZRYWKI	FREIZEITPARKS	PARCS D’ATTRACTIONS
SHOPPING CENTRES	CENTRA HANDLOWE	EINKAUFSZENTREN	CENTRES COMMERCIAUX
CLUBS	KLUBY	CLUBS	CLUBS
BARS	BARY	BARS	BARS
HOTELS	HOTELE	HOTELS	HÔTELS
EVENTS	WYDARZENIA	VERANSTALTUNGEN	ÉVÉNEMENTS
WHO WE ARE	KIM JESTEŚMY	WER WIR SIND	QUI SOMMES-NOUS
POLISH ENGINEERING.	POLSKA MYŚL TECHNICZNA.	POLNISCHE INGENIEURSKUNST.	L’INGÉNIERIE POLONAISE.
GLOBAL NETWORK.	GLOBALNY ZASIĘG.	WELTWEITES NETZWERK.	UN RÉSEAU MONDIAL.
Pro Games Poland specialises in boxer machines and commercial amusement equipment. The company develops and builds machines in Poland, while supporting operators with sales, spare parts and service.	Pro Games Poland specjalizuje się w produkcji bokserów i profesjonalnych automatów rozrywkowych. Projektujemy i budujemy urządzenia w Polsce, zapewniając operatorom obsługę sprzedażową, części zamienne i serwis.	Pro Games Poland ist auf Boxautomaten und gewerbliche Unterhaltungsgeräte spezialisiert. Wir entwickeln und fertigen unsere Automaten in Polen und unterstützen Betreiber mit Beratung, Ersatzteilen und Service.	Pro Games Poland est spécialisé dans les machines de boxe et les équipements de divertissement professionnels. Nous concevons et fabriquons nos machines en Pologne, avec un accompagnement commercial, des pièces détachées et un service après-vente pour les exploitants.
The Pro Games brand has operated since 2012 and supplies customers in Europe and beyond.	Marka Pro Games działa od 2012 roku i dostarcza automaty klientom w Europie oraz na innych rynkach.	Die Marke Pro Games besteht seit 2012 und beliefert Kunden in Europa und darüber hinaus.	Depuis 2012, la marque Pro Games équipe des clients en Europe et au-delà.
Pro Games brand established	powstanie marki Pro Games	Gründung der Marke Pro Games	création de la marque Pro Games
manufacturing	produkcja	Fertigung	fabrication
international distribution network	międzynarodowa sieć dystrybucji	internationales Vertriebsnetz	un réseau de distribution international
operator and distributor focused	z myślą o operatorach i dystrybutorach	für Betreiber und Vertriebspartner	au service des exploitants et distributeurs
MANUFACTURING	PRODUKCJA	FERTIGUNG	FABRICATION
MADE	PRODUKUJEMY	GEFERTIGT	FABRIQUÉ
IN POLAND.	W POLSCE.	IN POLEN.	EN POLOGNE.
Pro Games states that its machines are designed and built in Poland. Current company materials also emphasise selected suppliers, experienced staff and controls during production and before sale.	Automaty Pro Games są projektowane i produkowane w Polsce. Stawiamy na sprawdzonych dostawców, doświadczony zespół oraz kontrolę jakości na etapie produkcji i przed sprzedażą.	Pro Games entwickelt und baut seine Automaten in Polen. Ausgewählte Lieferanten, erfahrene Mitarbeitende sowie Kontrollen während der Produktion und vor dem Verkauf stehen dabei im Mittelpunkt.	Les machines Pro Games sont conçues et fabriquées en Pologne. Nous nous appuyons sur des fournisseurs sélectionnés, une équipe expérimentée et des contrôles qualité en cours de production et avant la vente.
01 / PRODUCTION	01 / PRODUKCJA	01 / PRODUKTION	01 / PRODUCTION
02 / ASSEMBLY	02 / MONTAŻ	02 / MONTAGE	02 / ASSEMBLAGE
03 / TESTING	03 / TESTY	03 / PRÜFUNG	03 / ESSAIS
ELECTRONICS	ELEKTRONIKA	ELEKTRONIK	ÉLECTRONIQUE
ASSEMBLY	MONTAŻ	MONTAGE	ASSEMBLAGE
TESTING	TESTY	PRÜFUNG	ESSAIS
FINAL INSPECTION	KONTROLA KOŃCOWA	ENDKONTROLLE	CONTRÔLE FINAL
TRADE SHOWS / MEET PRO GAMES	TARGI / POZNAJ PRO GAMES	MESSEN / PRO GAMES TREFFEN	SALONS / RENCONTREZ PRO GAMES
SEE YOU	DO ZOBACZENIA	WIR SEHEN UNS	RENDEZ-VOUS
AT THE SHOW.	NA TARGACH.	AUF DER MESSE.	SUR LES SALONS.
Meet the team and see Pro Games machines in person at selected international amusement-industry events.	Poznaj nasz zespół i zobacz automaty Pro Games na żywo podczas międzynarodowych targów branży rozrywkowej.	Treffen Sie unser Team und erleben Sie Pro Games Automaten auf ausgewählten internationalen Fachmessen der Unterhaltungsbranche.	Rencontrez notre équipe et découvrez les machines Pro Games sur une sélection de salons internationaux du divertissement.
Upcoming	Nadchodzące	Demnächst	À venir
Past shows	Minione targi	Vergangene Messen	Salons passés
UPCOMING SHOW	NADCHODZĄCE TARGI	KOMMENDE MESSE	PROCHAIN SALON
PAST SHOW	MINIONE TARGI	VERGANGENE MESSE	SALON PASSÉ
HAPPENING NOW	TRWAJĄ TERAZ	FINDET GERADE STATT	EN COURS
BOOTH	STOISKO	STAND	STAND
Booth	Stoisko	Stand	Stand
Event details ↗	Szczegóły wydarzenia ↗	Veranstaltungsdetails ↗	Détails du salon ↗
PRO GAMES ON THE MAP	PRO GAMES NA MAPIE	PRO GAMES AUF DER KARTE	PRO GAMES SUR LA CARTE
Meet us around the world.	Spotkajmy się na świecie.	Treffen Sie uns weltweit.	Retrouvez-nous dans le monde.
Select a location to explore the show.	Wybierz lokalizację, aby poznać szczegóły targów.	Wählen Sie einen Standort für weitere Messeinformationen.	Sélectionnez un lieu pour découvrir le salon.
Trade show locations	Lokalizacje targów	Messestandorte	Lieux des salons
Choose a show	Wybierz targi	Messe auswählen	Choisir un salon
Show details	Szczegóły targów	Messedetails	Détails du salon
View event in the list ↑	Zobacz wydarzenie na liście ↑	Veranstaltung in der Liste ansehen ↑	Voir le salon dans la liste ↑
From the show floor to everyday performance. Original parts. Direct support.	Od prezentacji na targach po codzienną eksploatację. Oryginalne części i bezpośrednie wsparcie.	Vom Messeauftritt bis zum täglichen Betrieb. Originalteile und direkter Support.	Des salons à l’exploitation quotidienne. Des pièces d’origine et une assistance directe.
SPARE PARTS.	CZĘŚCI ZAMIENNE.	ERSATZTEILE.	PIÈCES DÉTACHÉES.
KEEP YOUR MACHINES IN PLAY.	ZADBAJ O CIĄGŁOŚĆ GRY.	DAMIT IHRE AUTOMATEN WEITERSPIELEN.	POUR QUE LE JEU CONTINUE.
Keep your machines running with access to current Pro Games spare-parts information and direct service support.	Zadbaj o sprawność swoich automatów. Skorzystaj z aktualnego katalogu części Pro Games i bezpośredniego wsparcia serwisowego.	Halten Sie Ihre Automaten einsatzbereit: mit aktuellen Ersatzteilinformationen von Pro Games und direktem Service-Support.	Gardez vos machines opérationnelles grâce aux informations actualisées sur les pièces Pro Games et à notre assistance technique directe.
Electronics	Elektronika	Elektronik	Électronique
Mechanical parts	Części mechaniczne	Mechanische Teile	Pièces mécaniques
Mechanisms	Mechanizmy	Mechanismen	Mécanismes
Lighting	Oświetlenie	Beleuchtung	Éclairage
Consumable components	Części eksploatacyjne	Verschleißteile	Pièces d’usure
Explore spare parts ↓	Poznaj części zamienne ↓	Ersatzteile entdecken ↓	Découvrir les pièces détachées ↓
Ask about a part →	Zapytaj o część →	Ersatzteil anfragen →	Demander une pièce →
View parts list PDF ↗	Zobacz katalog części PDF ↗	Ersatzteilkatalog als PDF ansehen ↗	Voir le catalogue de pièces PDF ↗
OUR DISTRIBUTORS	NASI DYSTRYBUTORZY	UNSERE VERTRIEBSPARTNER	NOS DISTRIBUTEURS
PRO GAMES WORLDWIDE	PRO GAMES NA ŚWIECIE	PRO GAMES WELTWEIT	PRO GAMES DANS LE MONDE
LOCAL SUPPORT.	LOKALNE WSPARCIE.	SUPPORT VOR ORT.	UN SERVICE DE PROXIMITÉ.
Our distribution partners support Pro Games sales, deployment and service on selected international markets.	Nasi partnerzy wspierają sprzedaż, wdrożenia i serwis automatów Pro Games na wybranych rynkach zagranicznych.	Unsere Vertriebspartner unterstützen den Verkauf, die Inbetriebnahme und den Service von Pro Games Automaten auf ausgewählten internationalen Märkten.	Nos partenaires accompagnent la vente, la mise en service et l’entretien des machines Pro Games sur une sélection de marchés internationaux.
Pro Games distribution network	Sieć dystrybucji Pro Games	Pro Games Vertriebsnetz	Réseau de distribution Pro Games
Distribution partner	Partner dystrybucyjny	Vertriebspartner	Partenaire de distribution
Exclusive distributor	Wyłączny dystrybutor	Exklusiver Vertriebspartner	Distributeur exclusif
Visit partner ↗	Odwiedź stronę partnera ↗	Partnerwebsite besuchen ↗	Consulter le site du partenaire ↗
The network above reflects the distributor locations currently listed by Pro Games. Contact details and market coverage may change over time.	Powyższa sieć przedstawia lokalizacje dystrybutorów wymienionych przez Pro Games. Dane kontaktowe i obsługiwane rynki mogą ulegać zmianom.	Die Übersicht zeigt die von Pro Games aktuell aufgeführten Vertriebspartner. Kontaktdaten und betreute Märkte können sich ändern.	Ce réseau présente les implantations des distributeurs actuellement référencés par Pro Games. Les coordonnées et les marchés couverts peuvent évoluer.
UNITED KINGDOM	WIELKA BRYTANIA	VEREINIGTES KÖNIGREICH	ROYAUME-UNI
United Kingdom	Wielka Brytania	Vereinigtes Königreich	Royaume-Uni
GERMANY	NIEMCY	DEUTSCHLAND	ALLEMAGNE
Germany	Niemcy	Deutschland	Allemagne
DENMARK	DANIA	DÄNEMARK	DANEMARK
UNITED ARAB EMIRATES	ZJEDNOCZONE EMIRATY ARABSKIE	VEREINIGTE ARABISCHE EMIRATE	ÉMIRATS ARABES UNIS
AMERICAS	AMERYKI	NORD- UND SÜDAMERIKA	AMÉRIQUES
North · Central · South America	Ameryka Północna · Środkowa · Południowa	Nord- · Mittel- · Südamerika	Amérique du Nord · centrale · du Sud
PRO GAMES COMPANY BRANCH	ODDZIAŁ PRO GAMES	PRO GAMES NIEDERLASSUNG	SUCCURSALE PRO GAMES
Our branch in Spain	Nasz oddział w Hiszpanii	Unsere Niederlassung in Spanien	Notre succursale en Espagne
Sales, Warehouse, and Service	Sprzedaż, magazyn i serwis	Vertrieb, Lager und Service	Vente, entrepôt et service après-vente
Direct support from our own team in Elche (Alicante).	Bezpośrednie wsparcie naszego zespołu w Elche (Alicante).	Direkte Unterstützung durch unser eigenes Team in Elche (Alicante).	L’assistance directe de notre équipe à Elche (Alicante).
LET'S TALK	POROZMAWIAJMY	SPRECHEN WIR DARÜBER	PARLONS DE VOTRE PROJET
LET'S BUILD YOUR NEXT	STWÓRZMY ATRAKCJĘ,	GEMEINSAM ZU IHRER NÄCHSTEN	CRÉONS VOTRE PROCHAINE
ENTERTAINMENT EXPERIENCE.	KTÓRA PRZYCIĄGA GRACZY.	SPIELATTRAKTION.	ATTRACTION.
B2B / OPERATORS / DISTRIBUTORS	B2B / OPERATORZY / DYSTRYBUTORZY	B2B / BETREIBER / VERTRIEBSPARTNER	B2B / EXPLOITANTS / DISTRIBUTEURS
Talk to us about your project	Porozmawiajmy o Twoim projekcie	Sprechen Sie mit uns über Ihr Projekt	Parlons de votre projet
Sales Manager	Kierownik sprzedaży	Vertriebsleitung	Responsable commercial
Head office	Siedziba firmy	Firmensitz	Siège social
Service	Serwis	Service	Service après-vente
Full name	Imię i nazwisko	Vor- und Nachname	Nom et prénom
Your name	Twoje imię i nazwisko	Ihr Name	Votre nom
Company	Firma	Unternehmen	Entreprise
Company name	Nazwa firmy	Firmenname	Nom de l’entreprise
Email	E-mail	E-Mail	E-mail
Phone	Telefon	Telefon	Téléphone
Product of interest	Interesujący produkt	Gewünschtes Produkt	Produit qui vous intéresse
Select a product	Wybierz produkt	Produkt auswählen	Sélectionnez un produit
Distribution / B2B partnership	Dystrybucja / współpraca B2B	Vertrieb / B2B-Partnerschaft	Distribution / partenariat B2B
Other	Inne	Sonstiges	Autre
Message	Wiadomość	Nachricht	Message
Tell us what you need…	Napisz, czego potrzebujesz…	Beschreiben Sie Ihren Bedarf…	Décrivez votre besoin…
Prepare email inquiry	Przygotuj zapytanie e-mail	E-Mail-Anfrage vorbereiten	Préparer la demande par e-mail
Your inquiry is prepared in your email app. Review and send it from there.	Zapytanie zostanie przygotowane w Twoim programie pocztowym. Sprawdź treść i wyślij je stamtąd.	Ihre Anfrage wird in Ihrem E-Mail-Programm vorbereitet. Prüfen und versenden Sie sie dort.	Votre demande sera préparée dans votre application de messagerie. Vérifiez-la, puis envoyez-la depuis celle-ci.
Professional amusement machines made in Poland.	Profesjonalne automaty rozrywkowe produkowane w Polsce.	Professionelle Unterhaltungsautomaten aus Polen.	Des machines de divertissement professionnelles fabriquées en Pologne.
For business	Dla biznesu	Für Geschäftskunden	Pour les professionnels
Made in Poland / Built for operators	Polska produkcja / Z myślą o operatorach	Aus Polen / Für Betreiber entwickelt	Fabriqué en Pologne / Pensé pour les exploitants
44-335 Jastrzębie-Zdrój, Poland	44-335 Jastrzębie-Zdrój, Polska	44-335 Jastrzębie-Zdrój, Polen	44-335 Jastrzębie-Zdrój, Pologne
Service & support	Serwis i wsparcie	Service und Support	Service et assistance
Head office & manufacturing	Siedziba i produkcja	Firmensitz und Fertigung	Siège et production
Service & spare parts	Serwis i części zamienne	Service und Ersatzteile	Service après-vente et pièces détachées
Inquiry	Zapytanie	Anfrage	Demande
General	Ogólne	Allgemein	Générale
Configuration	Konfiguracja	Konfiguration	Configuration
Page not found	Nie znaleziono strony	Seite nicht gefunden	Page introuvable
The address may have changed.	Adres strony mógł się zmienić.	Die Adresse wurde möglicherweise geändert.	L’adresse a peut-être changé.
Back to homepage	Wróć na stronę główną	Zur Startseite	Retour à l’accueil
