3-in-1 Amusement Machine: Boxer, Kicker & Hammer	Automat rozrywkowy 3 w 1: bokser, kopacz i młot	3-in-1-Unterhaltungsautomat: Boxer, Kicker und Hammer	Machine de divertissement 3-en-1 : boxe, foot et marteau
This innovative 3-in-1 arcade machine combines three popular strength-testing games in one compact unit — Boxer, Kicker, and Hammer.	Ten automat 3 w 1 łączy trzy popularne testery siły w jednej kompaktowej konstrukcji: boksera, kopacza i młot.	Dieser 3-in-1-Spielautomat vereint drei beliebte Kraftspiele in einem kompakten Gerät: Boxer, Kicker und Hammer.	Cette machine d’arcade 3-en-1 réunit trois jeux de force populaires dans un ensemble compact : boxe, foot et marteau.
Players can test their power by choosing between punching, kicking, or hammering modes, all integrated into a single durable and eye-catching cabinet.	Gracze mogą sprawdzić swoją siłę, wybierając uderzenie pięścią, kopnięcie lub uderzenie młotem. Wszystkie tryby mieszczą się w jednej wytrzymałej, przyciągającej wzrok obudowie.	Spieler können ihre Kraft beim Boxen, Kicken oder Hammerschlagen messen. Alle Spielarten sind in einem robusten, auffälligen Gehäuse integriert.	Les joueurs testent leur force au poing, au pied ou au marteau. Les trois modes sont intégrés dans un même meuble robuste qui attire les regards.
The machine features a modern design with LED lighting, high-quality sensors for accurate scoring	Nowoczesną konstrukcję uzupełniają oświetlenie LED oraz wysokiej jakości czujniki zapewniające precyzyjny pomiar wyniku.	Modernes Design mit LED-Beleuchtung und hochwertigen Sensoren sorgt für eine präzise Punktewertung.	Son design moderne associe un éclairage LED à des capteurs de qualité pour un calcul précis du score.
Perfect for bars, amusement centers, and events, it offers maximum entertainment value while saving space.	Świetnie sprawdza się w barach, centrach rozrywki i na wydarzeniach, oferując wiele możliwości zabawy na niewielkiej powierzchni.	Ideal für Bars, Freizeitzentren und Veranstaltungen: viel Spielspaß bei geringem Platzbedarf.	Idéale pour les bars, les centres de loisirs et les événements, elle offre un maximum de divertissement dans un espace réduit.
Offers two exciting challenges in one compact machine with vibrant LED lights that bring extra attraction. Press the top Start button to release the punchball and test your strength or hit the bottom button to kick the football and show off your skills. Double the action, all in one game!	Dwa emocjonujące wyzwania w jednym kompaktowym automacie, z efektownym oświetleniem LED. Naciśnij górny przycisk Start, aby opuścić gruszkę i sprawdzić siłę uderzenia, lub dolny przycisk, aby zagrać w kopacza. Dwa sposoby rywalizacji w jednym urządzeniu!	Zwei spannende Herausforderungen in einem kompakten Automaten mit auffälliger LED-Beleuchtung. Der obere Startknopf gibt den Schlagball zum Boxen frei, der untere startet das Fußballspiel. Doppelte Action in einem Gerät!	Deux défis dans une machine compacte, mise en valeur par un éclairage LED. Le bouton Start du haut libère la poire pour tester la force de frappe ; celui du bas lance le jeu de foot. Deux façons de se dépasser, un seul appareil !
This versatile machine offers three exciting challenges boxing, kicking and a prize feature all in one compact design. Equipped with vibrant LED lights for added attraction, players can showcase their strength and skill by hitting the punchball or football and get special prizes with extra motivation and excitement. It’s triple the action in one game!	Ten wielofunkcyjny automat łączy boks, kopanie i funkcję nagród w jednej kompaktowej obudowie. Efektowne oświetlenie LED przyciąga uwagę, a gracze mogą sprawdzić siłę i celność, uderzając gruszkę lub kopiąc piłkę. Możliwość zdobycia nagród dodaje grze emocji i zachęca do kolejnych prób.	Dieser vielseitige Automat verbindet Boxen, Kicken und eine Preisfunktion in einem kompakten Gehäuse. Leuchtende LEDs ziehen die Blicke auf sich. Spieler stellen ihre Kraft und ihr Geschick am Schlagball oder Fußball unter Beweis; die Aussicht auf Preise sorgt für zusätzliche Spannung.	Cette machine polyvalente réunit boxe, foot et fonction de récompense dans un meuble compact. Son éclairage LED attire le regard, tandis que les joueurs démontrent leur force et leur adresse sur la poire ou le ballon. La possibilité de gagner des lots ajoute encore à l’envie de jouer.
This machine combines two exciting games in one: boxing and kicking! Perfectly designed for younger players, this machine brings twice the fun in a single unit, making it ideal for family-friendly venues.	Dwie emocjonujące gry w jednym urządzeniu: boks i kopacz. Model zaprojektowany dla młodszych graczy zapewnia podwójną zabawę i świetnie pasuje do rodzinnych obiektów rozrywkowych.	Zwei spannende Spiele in einem Gerät: Boxen und Kicken. Speziell für jüngere Spieler entwickelt, bietet dieses Modell doppelten Spielspaß und passt ideal in familienfreundliche Freizeiteinrichtungen.	Deux jeux dans une seule machine : la boxe et le foot. Conçue pour les plus jeunes, elle multiplie les possibilités de jeu et trouve naturellement sa place dans les lieux de loisirs familiaux.
This machine combines three fun games in one: boxing, kicking and a prize feature! Designed for young players, it keeps kids engaged with exciting challenges and vibrant LED lights, making it a perfect fit for family venues.	Automat łączy boks, kopacza i funkcję nagród. Zaprojektowany dla młodszych graczy, przyciąga kolorowym oświetleniem LED i ciekawymi wyzwaniami. To propozycja do miejsc, w których bawią się całe rodziny.	Dieser Automat verbindet Boxen, Kicken und eine Preisfunktion. Für junge Spieler konzipiert, begeistert er mit spannenden Herausforderungen und farbenfroher LED-Beleuchtung – ideal für familienfreundliche Standorte.	Cette machine associe boxe, foot et fonction de récompense. Pensée pour les jeunes joueurs, elle propose des défis stimulants et un éclairage LED coloré, parfaitement adaptés aux lieux de loisirs familiaux.
Immersive Experience: Captivating gameplay that challenges strength, keeping customers coming back for more.	Wciągająca rywalizacja: emocjonujący test siły, który zachęca graczy do powrotu i poprawiania wyniku.	Mitreißendes Spielerlebnis: spannende Kraftproben, die Gäste zum Wiederkommen und Verbessern ihres Ergebnisses motivieren.	Une expérience captivante : des défis de force qui donnent envie de revenir et d’améliorer son score.
Contact Pro Games for the product description, technical specifications and available equipment for this model.	Skontaktuj się z Pro Games, aby uzyskać opis, dane techniczne i informacje o dostępnym wyposażeniu tego modelu.	Kontaktieren Sie Pro Games für die Produktbeschreibung, technische Daten und verfügbare Ausstattung dieses Modells.	Contactez Pro Games pour obtenir la présentation, les caractéristiques techniques et les équipements disponibles pour ce modèle.
MULTIPLAYER BOXER MACHINE	WIELOOSOBOWY AUTOMAT BOKSERSKI	MEHRSPIELER-BOXAUTOMAT	MACHINE DE BOXE MULTIJOUEUR
Boxer Fist is our new exciting multiplayer boxing arcade machine, built to entertain and challenge groups in any arcade, FEC, or entertainment venue. With its eye-catching LED lighting, modern decals, and robust construction, this machine invites competitive fun and repeat play.	Boxer Fist to wieloosobowy automat bokserski stworzony do wspólnej zabawy i rywalizacji w salonach gier, rodzinnych centrach rozrywki i innych obiektach rekreacyjnych. Efektowne oświetlenie LED, nowoczesna grafika i solidna konstrukcja zachęcają grupy do gry oraz kolejnych pojedynków.	Boxer Fist ist ein Mehrspieler-Boxautomat für gemeinsame Herausforderungen in Spielhallen, Familien-Freizeitzentren und anderen Unterhaltungseinrichtungen. Auffällige LEDs, moderne Dekore und eine robuste Konstruktion laden Gruppen zu spannenden Duellen und weiteren Spielrunden ein.	Boxer Fist est une machine de boxe multijoueur conçue pour les défis en groupe dans les salles d’arcade, centres de loisirs familiaux et autres lieux de divertissement. Éclairage LED, décors modernes et construction robuste invitent à la compétition et donnent envie de rejouer.
One of the latest additions to our lineup, Kids Combat offers an exciting, safe boxing experience for younger players. With its bold design and enhanced features, it’s ideal for arcades and family-friendly venues.	Kids Combat to jeden z nowszych modeli w naszej ofercie, zapewniający młodszym graczom emocjonującą i bezpieczną zabawę w boks. Wyrazisty wygląd i rozbudowane funkcje sprawdzają się w salonach gier oraz obiektach dla rodzin.	Kids Combat gehört zu den neueren Modellen unseres Sortiments und bietet jüngeren Spielern ein spannendes, sicheres Boxerlebnis. Sein markantes Design und die erweiterten Funktionen eignen sich hervorragend für Spielhallen und familienfreundliche Standorte.	Kids Combat, l’un des modèles récents de notre gamme, propose aux plus jeunes une expérience de boxe ludique et sûre. Son style affirmé et ses fonctionnalités enrichies en font un choix adapté aux salles d’arcade et aux établissements familiaux.
This machine is designed specifically for younger players, providing a fun and safe way to enjoy the excitement of a boxing game. With bright colors and engaging gameplay, it’s perfect for family-oriented locations.	Automat zaprojektowany specjalnie dla młodszych graczy pozwala im bezpiecznie cieszyć się emocjami gry bokserskiej. Żywe kolory i wciągająca rozgrywka pasują do miejsc nastawionych na rodzinną zabawę.	Dieser speziell für jüngere Spieler entwickelte Automat ermöglicht ein sicheres und unterhaltsames Boxerlebnis. Kräftige Farben und abwechslungsreiches Spiel passen perfekt zu familienorientierten Standorten.	Spécialement conçue pour les jeunes joueurs, cette machine leur permet de découvrir le plaisir de la boxe de façon ludique et sûre. Ses couleurs vives et son jeu entraînant conviennent aux espaces de loisirs familiaux.
The Boxer Flash Gift offers an exciting twist by combining the classic boxing challenge with a rewarding gift feature. With bright LED lights and engaging gameplay.	Boxer Flash Gift łączy klasyczny test siły uderzenia z możliwością zdobywania nagród. Jasne oświetlenie LED i wciągająca rozgrywka przyciągają uwagę i zachęcają do zabawy.	Boxer Flash Gift verbindet den klassischen Schlagkrafttest mit einer attraktiven Preisfunktion. Helle LED-Beleuchtung und mitreißendes Spiel ziehen die Aufmerksamkeit auf sich und laden zum Mitmachen ein.	Boxer Flash Gift associe le défi classique de force de frappe à une fonction de récompense. Son éclairage LED lumineux et son jeu captivant attirent l’attention et invitent à participer.
It is a classic strength-testing game that challenges players to hit as hard as they can. Perfect for amusement parks, arcades, and family entertainment centers (FECs), this timeless game is fun, competitive, and draws in crowds with its vibrant LED lights.	Klasyczny test siły, w którym liczy się jak najmocniejsze uderzenie. Sprawdza się w parkach rozrywki, salonach gier i rodzinnych centrach rozrywki. Ponadczasowa rywalizacja i efektowne oświetlenie LED przyciągają graczy.	Ein klassischer Kraftmesser, bei dem ein möglichst kräftiger Schlag zählt. Ideal für Freizeitparks, Spielhallen und Familien-Freizeitzentren: zeitloser Wettbewerb und leuchtende LEDs ziehen Spieler an.	Un jeu de force classique où l’objectif est de frapper le plus fort possible. Adapté aux parcs d’attractions, salles d’arcade et centres de loisirs familiaux, il séduit par sa compétition intemporelle et son éclairage LED.
This machine offers a thrilling and dynamic game designed for players who want to test their kicking strength and accuracy Perfect for both kids and adults, it’s a great addition to arcades, sports bars, and family entertainment centers.	Dynamiczna gra dla osób, które chcą sprawdzić siłę i celność kopnięcia. Odpowiednia dla dzieci i dorosłych, uzupełnia ofertę salonów gier, barów sportowych i rodzinnych centrów rozrywki.	Ein dynamisches Spiel für alle, die Schusskraft und Treffsicherheit testen möchten. Für Kinder und Erwachsene geeignet und eine attraktive Ergänzung für Spielhallen, Sportbars und Familien-Freizeitzentren.	Un jeu dynamique pour tester la puissance et la précision de ses tirs. Adapté aux enfants comme aux adultes, il complète l’offre des salles d’arcade, bars sportifs et centres de loisirs familiaux.
The Boxer Gift offers an exciting twist by combining the classic boxing challenge with a rewarding gift feature. With bright LED lights and engaging gameplay.	Boxer Gift łączy klasyczny test siły uderzenia z funkcją nagród. Efektowne oświetlenie LED i emocjonująca rozgrywka zachęcają do rywalizacji.	Boxer Gift verbindet den klassischen Schlagkrafttest mit einer Preisfunktion. Auffällige LED-Beleuchtung und spannendes Spiel laden zum Wettkampf ein.	Boxer Gift réunit le défi classique de force de frappe et une fonction de récompense. Son éclairage LED et son jeu entraînant invitent à relever le défi.
Small inflatable castles for children	Małe zamki dmuchane dla dzieci	Kleine Hüpfburgen für Kinder	Petits châteaux gonflables pour enfants
The Mini XS inflatables are a fantastic attraction for the youngest guests at your event! These colourful inflatables instantly catch children’s attention and quickly become their favourite place to play.	Dmuchane atrakcje Mini XS to świetna propozycja dla najmłodszych uczestników wydarzeń. Kolorowa oprawa od razu przyciąga uwagę dzieci i szybko staje się ulubionym miejscem zabawy.	Die Mini-XS-Hüpfburgen sind eine tolle Attraktion für die jüngsten Gäste Ihrer Veranstaltung. Die bunten Motive ziehen Kinder sofort an und werden schnell zum Lieblingsspielplatz.	Les structures gonflables Mini XS font le bonheur des plus jeunes lors de vos événements. Leurs couleurs attirent immédiatement les enfants, qui en font vite leur espace de jeu préféré.
Kids know they can enjoy unlimited fun inside. In the compact bouncy castle, they can jump, play, and burn off energy for hours. Some of our children’s inflatables also come with built-in slides.	W kompaktowym zamku dzieci mogą skakać, bawić się i rozładowywać energię przez długie godziny. Wybrane modele są dodatkowo wyposażone we wbudowane zjeżdżalnie.	In den kompakten Hüpfburgen können Kinder stundenlang springen, spielen und sich austoben. Einige Modelle verfügen zusätzlich über integrierte Rutschen.	Dans ces châteaux compacts, les enfants peuvent sauter, jouer et se dépenser pendant des heures. Certains modèles disposent aussi de toboggans intégrés.
Our small bouncy castles are always a big hit with children!	Nasze małe zamki dmuchane cieszą się dużym zainteresowaniem dzieci.	Unsere kleinen Hüpfburgen kommen bei Kindern immer groß an.	Nos petits châteaux gonflables remportent toujours un grand succès auprès des enfants.
The Golden air hockey is a new version of our bestseller indoor airhoockey.	Golden to nowa odsłona naszego popularnego cymbergaja do użytku wewnątrz pomieszczeń.	Golden ist die neue Ausführung unseres beliebten Airhockey-Tisches für den Innenbereich.	Golden est la nouvelle version de notre air hockey d’intérieur à succès.
Golden table boasts a refined and elegant design that blends seamlessly with any interior. Its subtle color palette, paired with tasteful golden accents, gives it a timeless appeal that never goes out of style. This table is not only a source of entertainment but also a sophisticated addition to any game room or leisure space.	Stół Golden wyróżnia się eleganckim wzornictwem, które dobrze komponuje się z różnymi wnętrzami. Stonowane kolory i subtelne złote akcenty nadają mu ponadczasowy charakter. To zarówno źródło rozrywki, jak i stylowe wyposażenie pokoju gier lub strefy wypoczynku.	Golden überzeugt mit einem eleganten Design, das sich harmonisch in unterschiedliche Räume einfügt. Dezente Farben und geschmackvolle goldene Akzente verleihen dem Tisch eine zeitlose Ausstrahlung. Er bietet Unterhaltung und ist zugleich eine stilvolle Ergänzung für Spiel- und Freizeiträume.	La table Golden se distingue par un design élégant qui s’intègre à de nombreux intérieurs. Ses teintes sobres et ses touches dorées lui donnent un style intemporel. Elle devient à la fois un espace de jeu et un élément soigné de votre salle de loisirs.
Solid construction proven by over 20 years of experience. Modern software allowing you to easily personalize different settings.	Solidna konstrukcja oparta na ponad 20 latach doświadczenia. Nowoczesne oprogramowanie pozwala łatwo dostosować ustawienia.	Robuste Konstruktion, bewährt durch über 20 Jahre Erfahrung. Moderne Software ermöglicht eine einfache Anpassung der Einstellungen.	Une construction robuste issue de plus de 20 ans d’expérience. Le logiciel moderne permet de personnaliser facilement les réglages.
Please note:	Ważna informacja:	Bitte beachten:	À noter :
The lamp shown is an optional accessory - it is not sold as standard equipment.	Widoczna na zdjęciu lampa jest wyposażeniem dodatkowym i nie wchodzi w skład wersji standardowej.	Die abgebildete Lampe ist optionales Zubehör und gehört nicht zur Serienausstattung.	La lampe présentée est un accessoire en option et ne fait pas partie de l’équipement de série.
AIR HOCKEY ARCTIC is a 100% waterproof device that can be used outdoors all year round, just like indoors. It is one of the most popular machines. Solid construction proven by over 20 years of experience. Modern software allows you to easily personalize different settings.	Air Hockey Arctic to w pełni wodoodporne urządzenie przeznaczone do całorocznego użytkowania na zewnątrz i wewnątrz pomieszczeń. Jeden z najpopularniejszych modeli, z solidną konstrukcją opartą na ponad 20 latach doświadczenia. Nowoczesne oprogramowanie ułatwia dopasowanie ustawień.	Air Hockey Arctic ist vollständig wasserfest und kann ganzjährig im Freien ebenso wie in Innenräumen eingesetzt werden. Eines der beliebtesten Modelle mit einer soliden, durch über 20 Jahre Erfahrung bewährten Konstruktion. Moderne Software erleichtert die individuelle Einstellung.	Air Hockey Arctic est entièrement étanche et s’utilise toute l’année en extérieur comme en intérieur. Ce modèle très apprécié bénéficie d’une construction robuste éprouvée par plus de 20 ans d’expérience. Son logiciel moderne facilite la personnalisation des réglages.
Check out our brand new airhockey Matrix! LED display isn't only there to look amazing - it also communicates game updates and events, showing 'SCORE!' when a goal is scored, and a commiserating 'OH NO!' when you concede a goal. Countdown timers at each end keep you informed of time left to play, and the whole display flexes, colour-shifts and pulsates in perfect sync with your game. Customisable operator settings allow you to configure the table exactly as you want it and the 260w air pump creates a cushion of air across the playfield for the fastest speeds.	Poznaj cymbergaja Matrix. Wyświetlacz LED nie tylko efektownie wygląda, ale też reaguje na grę: po zdobyciu gola pokazuje „SCORE!”, a po jego stracie „OH NO!”. Liczniki po obu stronach wskazują pozostały czas, a światło pulsuje i zmienia kolory w rytm rozgrywki. Ustawienia operatora pozwalają dostosować stół do potrzeb obiektu. Dmuchawa o mocy 260 W tworzy poduszkę powietrzną zapewniającą szybką grę.	Entdecken Sie Airhockey Matrix. Das LED-Display sieht nicht nur beeindruckend aus, sondern begleitet das Spiel: mit „SCORE!“ nach einem Treffer und „OH NO!“ beim Gegentor. Timer an beiden Enden zeigen die verbleibende Spielzeit; Licht und Farben pulsieren synchron zum Spiel. Individuelle Betreibereinstellungen passen den Tisch an Ihren Standort an. Die 260-W-Luftpumpe erzeugt ein Luftpolster für besonders schnelle Spielzüge.	Découvrez l’air hockey Matrix. Son affichage LED accompagne la partie autant qu’il attire le regard : « SCORE! » à chaque but marqué, « OH NO! » lorsqu’un but est encaissé. Des compteurs à chaque extrémité indiquent le temps restant, tandis que les couleurs et pulsations lumineuses suivent le jeu. Les réglages exploitant permettent d’adapter la table à vos besoins, et la soufflerie de 260 W crée un coussin d’air pour des échanges rapides.
Air hockey has been around for a long time, with only rarely a major paradigm shift in design or functionality. Now the Matrix knocks the sector out of the park with its integrated LED displays and systems. If you're looking for a truly spectacular centrepiece for your venue - or even for your private games room - then take the red pill and enter the Matrix now!	Matrix wnosi nową energię do klasycznej gry w cymbergaja dzięki zintegrowanym wyświetlaczom i systemom LED. To propozycja dla osób szukających efektownego centrum uwagi w obiekcie rozrywkowym lub prywatnym pokoju gier. Wejdź do świata Matrix i nadaj rozgrywce nowy wymiar.	Matrix bringt frischen Schwung ins klassische Airhockey: mit integrierten LED-Displays und Lichtsystemen. Wer einen spektakulären Blickfang für seinen Betrieb oder den privaten Spielraum sucht, findet hier eine besondere Lösung. Tauchen Sie in die Welt von Matrix ein.	Matrix renouvelle l’air hockey grâce à ses affichages et systèmes LED intégrés. C’est une pièce maîtresse spectaculaire pour un établissement de loisirs comme pour une salle de jeux privée. Entrez dans l’univers Matrix et donnez une nouvelle dimension à vos parties.
New basketball machine from WIK, compact size allows pass through 80cm wide doorways. Customized height 248-310cm.	Nowy automat do koszykówki WIK. Kompaktowa konstrukcja mieści się w drzwiach o szerokości 80 cm, a wysokość można dopasować w zakresie 248–310 cm.	Neuer Basketballautomat von WIK. Dank kompakter Bauweise passt er durch 80 cm breite Türen; die Höhe lässt sich zwischen 248 und 310 cm anpassen.	Nouvelle machine de basket WIK. Son format compact permet de passer par une porte de 80 cm de large, avec une hauteur adaptable de 248 à 310 cm.
Our weatherproof basketball arcade machines can be used outdoor all year round. The game has four levels of difficulty and comes with a set of five balls. Depending on the mode selected, the basket can be movable.	Odporne na warunki atmosferyczne automaty do koszykówki nadają się do całorocznego użytkowania na zewnątrz. Gra ma cztery poziomy trudności, a zestaw obejmuje pięć piłek. W zależności od wybranego trybu kosz może się poruszać.	Unsere wetterfesten Basketballautomaten sind ganzjährig im Außenbereich einsetzbar. Das Spiel bietet vier Schwierigkeitsstufen und wird mit fünf Bällen geliefert. Je nach gewähltem Modus kann sich der Korb bewegen.	Nos machines de basket résistantes aux intempéries peuvent être utilisées dehors toute l’année. Le jeu propose quatre niveaux de difficulté et comprend cinq ballons. Selon le mode choisi, le panier peut être mobile.
It is very easy to assemble and transport.	Urządzenie jest łatwe w montażu i transporcie.	Das Gerät lässt sich einfach montieren und transportieren.	La machine est facile à monter et à transporter.
Basketball is a game for all ages with both kids and adults loving this game. Players can play in a group and compete for the best score (linking option). It's a high quality long lasting machine. WIK is a leader in making the basketball arcade machines with years of experience. This is a crowd pleaser that never ceases to provide fun.	Koszykówka to zabawa dla dzieci i dorosłych. Dzięki opcji łączenia automatów gracze mogą rywalizować w grupie o najlepszy wynik. Wysoka jakość i trwałość konstrukcji to efekt wieloletniego doświadczenia WIK w produkcji automatów do koszykówki. To atrakcja, która niezmiennie przyciąga chętnych do gry.	Basketball begeistert Kinder und Erwachsene gleichermaßen. Dank Vernetzungsoption können Gruppen gemeinsam um die höchste Punktzahl spielen. Hochwertige, langlebige Technik basiert auf der langjährigen Erfahrung von WIK in der Herstellung von Basketballautomaten – ein Publikumsliebling mit dauerhaftem Spielspaß.	Le basket plaît aux enfants comme aux adultes. L’option de liaison entre machines permet de jouer en groupe et de viser le meilleur score. La qualité et la longévité de l’appareil reposent sur l’expérience de WIK dans les jeux de basket d’arcade : une attraction qui donne toujours envie de participer.
A new 2026 hammer-style strength game with a tall illuminated cabinet and a dedicated striking area. Its vertical design gives the attraction a clear presence in arcades and entertainment venues.	Nowy tester siły typu młot na rok 2026, z wysoką podświetlaną obudową i wydzielonym miejscem uderzenia. Pionowa forma sprawia, że automat wyraźnie wyróżnia się w salonach gier i obiektach rozrywkowych.	Neuer Hammer-Kraftmesser für 2026 mit hohem, beleuchtetem Gehäuse und einer eigenen Schlagfläche. Seine vertikale Bauform sorgt für eine starke Präsenz in Spielhallen und Freizeiteinrichtungen.	Nouveau jeu de force au marteau pour 2026, avec un meuble haut illuminé et une zone de frappe dédiée. Sa silhouette verticale lui assure une présence marquée dans les salles d’arcade et lieux de divertissement.
Available in the single multicolour finish shown. Ask our team about the operating setup and optional equipment for your venue. Final technical specifications will be confirmed with your quotation.	Dostępny w pokazanej, wielokolorowej wersji wykończenia. Zapytaj nasz zespół o ustawienia pracy i dodatkowe wyposażenie do Twojego obiektu. Ostateczne dane techniczne potwierdzimy w ofercie.	Erhältlich in der abgebildeten mehrfarbigen Ausführung. Fragen Sie unser Team nach Betriebseinstellungen und optionaler Ausstattung für Ihren Standort. Die endgültigen technischen Daten bestätigen wir im Angebot.	Disponible dans la finition multicolore présentée. Consultez notre équipe pour les réglages d’exploitation et les équipements optionnels adaptés à votre établissement. Les caractéristiques techniques définitives seront confirmées dans le devis.
Win a toy brings a prize-themed presentation to a boxing machine. The illuminated cabinet combines a punch target, score display and a visible toy compartment to create an eye-catching attraction for entertainment venues.	Win a toy łączy automat bokserski z oprawą eksponującą nagrody. Podświetlana obudowa mieści gruszkę do uderzeń, wyświetlacz wyniku i widoczną komorę na zabawki, tworząc atrakcję, która przyciąga wzrok w obiektach rozrywkowych.	Win a toy verbindet einen Boxautomaten mit einer aufmerksamkeitsstarken Preispräsentation. Das beleuchtete Gehäuse vereint Schlagziel, Punkteanzeige und ein sichtbares Spielzeugfach zu einer attraktiven Ergänzung für Freizeitstandorte.	Win a toy associe une machine de boxe à une présentation axée sur les lots. Son meuble illuminé réunit une cible de frappe, un afficheur de score et un compartiment à jouets visible, pour attirer les regards dans les lieux de divertissement.
Choose from the eight cabinet colours shown and select the equipment you would like us to quote. Prize operation, payment setup and final technical specifications are confirmed individually by our sales team.	Wybierz jeden z ośmiu pokazanych kolorów obudowy i wyposażenie, które mamy uwzględnić w ofercie. Dział sprzedaży indywidualnie potwierdzi działanie funkcji nagród, system płatności i ostateczne dane techniczne.	Wählen Sie eine der acht gezeigten Gehäusefarben und die Ausstattung für Ihr Angebot. Preisfunktion, Zahlungssystem und endgültige technische Daten werden von unserem Vertrieb individuell bestätigt.	Choisissez l’une des huit couleurs de meuble présentées et les équipements à inclure dans votre devis. Notre équipe commerciale confirmera individuellement le fonctionnement des récompenses, le paiement et les caractéristiques techniques finales.
Boxer Leader Rank introduces a bold 2026 cabinet design with a prominent front display, illuminated accents and a raised boxing target. Its competition-inspired artwork makes it a distinctive addition to an arcade or entertainment venue.	Boxer Leader Rank wyróżnia się nową na rok 2026 obudową z dużym wyświetlaczem z przodu, podświetlanymi detalami i wysoko umieszczoną gruszką. Grafika inspirowana rywalizacją nadaje mu wyrazisty charakter w salonie gier lub obiekcie rozrywkowym.	Boxer Leader Rank präsentiert für 2026 ein markantes Gehäusedesign mit großem Frontdisplay, beleuchteten Akzenten und erhöhtem Schlagziel. Das vom Wettkampf inspirierte Dekor macht ihn zum Blickfang in Spielhallen und Freizeiteinrichtungen.	Boxer Leader Rank présente un design de meuble affirmé pour 2026, avec un grand écran en façade, des touches lumineuses et une cible de frappe surélevée. Son décor inspiré de la compétition lui donne une identité forte dans les salles d’arcade et espaces de loisirs.
Select one of the seven available cabinet colours and build your enquiry with the optional equipment below. Game functions, display specification and final technical details will be confirmed in your quotation.	Wybierz jeden z siedmiu dostępnych kolorów obudowy i uzupełnij zapytanie o wyposażenie dodatkowe poniżej. Funkcje gry, parametry wyświetlacza i ostateczne dane techniczne zostaną potwierdzone w ofercie.	Wählen Sie eine der sieben verfügbaren Gehäusefarben und ergänzen Sie Ihre Anfrage um die unten aufgeführten Extras. Spielfunktionen, Displayausstattung und endgültige technische Daten werden im Angebot bestätigt.	Choisissez l’une des sept couleurs de meuble disponibles, puis complétez votre demande avec les équipements optionnels ci-dessous. Les fonctions de jeu, les caractéristiques de l’écran et les détails techniques définitifs seront confirmés dans le devis.
