2 meter power cable.	Przewód zasilający o długości 2 metrów.	2 Meter langes Netzkabel.	Câble d’alimentation de 2 mètres.
2-in-1 Action: Combines boxing and kicking games for double the excitement.	Dwie gry w jednej: boks i kopacz zapewniają podwójną dawkę emocji.	Zwei Spiele in einem: Boxen und Kicken für doppelten Spielspaß.	Deux jeux en un : boxe et foot pour deux fois plus de plaisir.
3-in-1 Action: Offers boxing, kicking a prize reward option for extra excitement.	Trzy funkcje w jednym: boks, kopacz i możliwość zdobywania nagród.	Drei Funktionen in einem: Boxen, Kicken und eine Preisoption.	Trois fonctions en une : boxe, foot et possibilité de gagner des lots.
5 balls included	W zestawie 5 piłek.	5 Bälle im Lieferumfang enthalten.	5 ballons inclus.
Adjustable Difficulty & Free Play Mode: Customizable for different ages and skill levels.	Regulacja poziomu trudności i tryb darmowej gry: dostosuj rozgrywkę do wieku i umiejętności graczy.	Einstellbarer Schwierigkeitsgrad und Freispielmodus: passend zu Alter und Können der Spieler.	Difficulté réglable et mode gratuit : adaptez le jeu à l’âge et au niveau des joueurs.
Adjustable Difficulty & Free Play Mode: Suited for players of all ages and skill levels.	Regulacja poziomu trudności i tryb darmowej gry dla graczy w różnym wieku i o różnych umiejętnościach.	Einstellbarer Schwierigkeitsgrad und Freispielmodus für unterschiedliche Altersgruppen und Spielstärken.	Difficulté réglable et mode gratuit pour tous les âges et niveaux de jeu.
Adjustable Play Mode: Set the game to different levels or free play mode to match the age and skill level of the players.	Konfiguracja rozgrywki: wybierz poziom trudności lub tryb darmowy odpowiedni do wieku i umiejętności graczy.	Flexible Spieleinstellungen: Wählen Sie Schwierigkeitsstufe oder Freispielmodus passend zu Alter und Können der Spieler.	Réglages de jeu : choisissez la difficulté ou le mode gratuit selon l’âge et le niveau des joueurs.
Bill acceptor.	Akceptor banknotów.	Banknotenleser.	Accepteur de billets.
Boost Your Profits: Adjustable difficulty settings and free play modes to increase engagement and driving higher revenue.	Wsparcie przychodów: regulacja trudności i tryb darmowej gry pomagają zwiększyć zaangażowanie graczy i potencjał zarobkowy.	Mehr Umsatzpotenzial: Einstellbare Schwierigkeit und Freispielmodi fördern die Spielfreude und können höhere Einnahmen ermöglichen.	Un potentiel de recettes accru : difficulté réglable et modes gratuits favorisent l’engagement des joueurs.
Brand new Design: Fresh, engaging look tailored for kids.	Nowy design: świeży, przyciągający uwagę wygląd zaprojektowany dla dzieci.	Neues Design: ein frischer, ansprechender Look speziell für Kinder.	Nouveau design : un style attrayant pensé pour les enfants.
Bright LED Lights: Colorful lights add to the fun and attraction.	Kolorowe oświetlenie LED uatrakcyjnia zabawę i przyciąga uwagę.	Bunte LED-Beleuchtung steigert den Spielspaß und zieht Blicke an.	Un éclairage LED coloré renforce le plaisir du jeu et attire le regard.
Bright LED Lights: Eye-catching lights make gameplay even more fun.	Efektowne oświetlenie LED sprawia, że gra daje jeszcze więcej radości.	Auffällige LED-Beleuchtung sorgt für noch mehr Spielspaß.	Un éclairage LED séduisant rend les parties encore plus amusantes.
Bright LED Lights: Eye-catching lights that enhance the excitement and attract attention.	Wyraziste oświetlenie LED podkreśla emocje gry i przyciąga graczy.	Leuchtende LEDs verstärken die Spielatmosphäre und ziehen Spieler an.	Des LED lumineuses intensifient l’ambiance et attirent les joueurs.
Built for heavy use, the 3-in-1 Boxer/Kicker/Hammer guarantees fun, competition, and excitement for players of all ages.	Bokser / kopacz / młot 3 w 1 to urządzenie do intensywnego użytkowania, które zapewnia zabawę, rywalizację i emocje graczom w różnym wieku.	Für intensive Nutzung gebaut: Der 3-in-1-Boxer/Kicker/Hammer bietet Spielern verschiedener Altersgruppen Spaß, Wettbewerb und Spannung.	Conçu pour un usage intensif, le modèle boxe/foot/marteau 3-en-1 offre jeu, compétition et émotions à tous les âges.
Built to Last: Designed with robust electronics and mechanics, perfect for high-traffic venues looking for reliable performance.	Trwała konstrukcja: solidna elektronika i mechanika do intensywnie odwiedzanych obiektów, w których liczy się niezawodność.	Langlebige Technik: robuste Elektronik und Mechanik für stark frequentierte Standorte mit hohen Zuverlässigkeitsanforderungen.	Conçu pour durer : une électronique et une mécanique robustes pour les établissements très fréquentés où la fiabilité compte.
COMESTERO RM5 or NRI electronic coin acceptor	Elektroniczny wrzutnik monet COMESTERO RM5 lub NRI.	Elektronischer Münzprüfer COMESTERO RM5 oder NRI.	Monnayeur électronique COMESTERO RM5 ou NRI.
Card reader.	Czytnik kart.	Kartenleser.	Lecteur de cartes.
Custom sticker and branding (Advance orders).	Indywidualna grafika i oznakowanie marki — na wcześniejsze zamówienie.	Individuelle Aufkleber und Branding auf Vorbestellung.	Décors et marquage personnalisés sur commande anticipée.
Custom sticker and branding.	Indywidualna grafika i oznakowanie marki.	Individuelle Aufkleber und Branding.	Décors et marquage personnalisés.
Electronic coin acceptor included - freeplay game as an option.	Elektroniczny wrzutnik monet w zestawie; opcjonalny tryb darmowej gry.	Elektronischer Münzprüfer enthalten; Freispielmodus optional.	Monnayeur électronique inclus ; mode gratuit en option.
Flexible Payment Options: Supports a variety of payment methods, including bills, coins, cards, and tokens suitable for any currency.	Elastyczne płatności: obsługa banknotów, monet, kart i żetonów z możliwością dostosowania do różnych walut.	Flexible Zahlung: Unterstützung für Banknoten, Münzen, Karten und Jetons, an unterschiedliche Währungen anpassbar.	Paiement flexible : billets, pièces, cartes et jetons, avec adaptation aux différentes devises.
Flexible Payment Options: Supports multiple payment types, including bills, coins, cards, and tokens, making it adaptable to any currency.	Różne metody płatności: banknoty, monety, karty i żetony, z możliwością dopasowania do wybranej waluty.	Vielfältige Zahlungsmethoden: Banknoten, Münzen, Karten und Jetons, passend zur gewünschten Währung.	Plusieurs moyens de paiement : billets, pièces, cartes et jetons, adaptables à la devise choisie.
Full LED Integration: Illuminated edges, buttons, and scoring panel to maximize visibility and energy.	Rozbudowane oświetlenie LED: podświetlane krawędzie, przyciski i panel wyniku zwiększają widoczność urządzenia.	Umfassende LED-Beleuchtung: beleuchtete Kanten, Tasten und Punkteanzeige sorgen für starke Sichtbarkeit.	Éclairage LED complet : contours, boutons et tableau de score illuminés pour une visibilité maximale.
Futuristic commercial air hockey table.	Futurystyczny cymbergaj do użytku komercyjnego.	Futuristischer Airhockey-Tisch für den gewerblichen Einsatz.	Table d’air hockey futuriste pour un usage professionnel.
Heavy-Duty Frame: Reinforced body and impact-resistant build for long-term durability.	Wzmocniona konstrukcja: odporna na uderzenia obudowa zapewnia długotrwałą wytrzymałość.	Verstärkte Konstruktion: stoßfestes Gehäuse für langfristige Haltbarkeit.	Structure renforcée : un meuble résistant aux chocs pour une longue durée de vie.
Includes four pushers and six pucks.	W zestawie cztery odbijaki i sześć krążków.	Vier Schläger und sechs Pucks enthalten.	Quatre poussoirs et six palets inclus.
Kick Challenge: Players kick the ball to score points, testing their power and precision.	Test kopnięcia: gracze zdobywają punkty, sprawdzając siłę i celność strzału.	Kick-Challenge: Spieler sammeln Punkte und testen Schusskraft und Präzision.	Défi de tir : les joueurs marquent des points en testant leur puissance et leur précision.
Kid-Friendly Design: A smaller size and layout specifically made for children to enjoy.	Konstrukcja dla dzieci: mniejsze wymiary i układ dopasowany do młodszych graczy.	Kindgerechte Bauweise: kompaktere Abmessungen und ein auf junge Spieler abgestimmter Aufbau.	Conception pour enfants : un format réduit et une disposition adaptés aux plus jeunes.
Kid-Friendly Design: Safe, engaging and easy-to-use for children.	Przyjazna dzieciom konstrukcja: bezpieczna, ciekawa i łatwa w obsłudze.	Kindgerechtes Design: sicher, ansprechend und einfach zu bedienen.	Conception adaptée aux enfants : sûre, attrayante et facile à utiliser.
Kid-Friendly Design: Tailored for children with a safe and easy-to-use layout.	Dostosowany do dzieci, bezpieczny i prosty w obsłudze układ urządzenia.	Sicherer, leicht bedienbarer Aufbau speziell für Kinder.	Une disposition sûre et facile à utiliser, pensée pour les enfants.
LED lighting variation available.	Dostępna wersja z oświetleniem LED.	Ausführung mit LED-Beleuchtung erhältlich.	Version avec éclairage LED disponible.
LED lightning system in the legs	Oświetlenie LED w nogach.	LED-Beleuchtung in den Tischbeinen.	Éclairage LED dans les pieds.
LED lightning system in the playfield	Oświetlenie LED pola gry.	LED-Beleuchtung der Spielfläche.	Éclairage LED du terrain de jeu.
LED score displays and message updates.	Wyświetlacze LED prezentujące wynik i komunikaty z gry.	LED-Anzeigen für Spielstand und Spielmeldungen.	Afficheurs LED pour les scores et les messages de jeu.
Multible Payment Options: Supports a variety of payment methods, including bills, coins, cards, and tokens—suitable for any currency.	Różne metody płatności: banknoty, monety, karty i żetony, z możliwością dopasowania do wybranej waluty.	Vielfältige Zahlungsmethoden: Banknoten, Münzen, Karten und Jetons, passend zur gewünschten Währung.	Plusieurs moyens de paiement : billets, pièces, cartes et jetons, adaptables à la devise choisie.
Multiplayer Ready: Supports group challenges and head-to-head punching competitions. Perfect for friends, events, and team contests.	Gra wieloosobowa: grupowe wyzwania i bezpośrednie pojedynki bokserskie. Idealna do zabawy ze znajomymi, na wydarzenia i zawody drużynowe.	Mehrspielerfunktion: Gruppen-Challenges und direkte Boxduelle. Ideal für Freunde, Veranstaltungen und Teamwettbewerbe.	Multijoueur : défis en groupe et duels de boxe. Idéal entre amis, lors d’événements et pour les compétitions par équipes.
Nayax device.	Terminal Nayax.	Nayax-Terminal.	Terminal Nayax.
Operator-Friendly: Reliable electronics, easy maintenance access, and cashless-ready setup.	Wygoda operatora: niezawodna elektronika, łatwy dostęp serwisowy i możliwość obsługi płatności bezgotówkowych.	Betreiberfreundlich: zuverlässige Elektronik, einfacher Wartungszugang und Vorbereitung für bargeldlose Zahlung.	Pensé pour l’exploitant : électronique fiable, accès d’entretien facile et préparation au paiement sans espèces.
Power Strike Challenge: Swing the hammer and see how high you can score.	Test siły: uderz młotem i sprawdź, jaki wynik osiągniesz.	Schlagkraft-Challenge: Schwingen Sie den Hammer und erzielen Sie Ihre Bestleistung.	Défi de force : frappez au marteau et visez le meilleur score.
Protective cover.	Pokrowiec ochronny.	Schutzhülle.	Housse de protection.
Revenue Booster: Adjustable difficulty levels and free play mode to engage diverse audiences and maximize profits.	Potencjał zarobkowy: regulowana trudność i tryb darmowej gry pozwalają trafić do różnych grup odbiorców i zwiększać przychody.	Umsatzpotenzial: Einstellbare Schwierigkeit und Freispielmodus sprechen unterschiedliche Zielgruppen an und unterstützen höhere Einnahmen.	Potentiel de recettes : difficulté réglable et mode gratuit permettent de toucher différents publics et de développer les revenus.
Safe and fun Gameplay: Perfect for younger players to safely enjoy the excitement of boxing.	Bezpieczna i emocjonująca zabawa w boks dla młodszych graczy.	Sicherer und spannender Boxspaß für jüngere Spieler.	Une expérience de boxe ludique et sûre pour les plus jeunes.
Silent mode (Advance orders).	Tryb cichy — na wcześniejsze zamówienie.	Lautlosmodus auf Vorbestellung.	Mode silencieux sur commande anticipée.
Sound system with in-game audio.	System dźwiękowy z efektami podczas gry.	Soundsystem mit Spielgeräuschen.	Système sonore avec effets pendant le jeu.
Strength Challenge + Prizes: Players punch the bag, score high, and win special prizes.	Test siły z nagrodami: uderz gruszkę, zdobądź wysoki wynik i wygraj nagrodę.	Kraftprobe mit Preisen: Schlagball treffen, hohe Punktzahl erzielen und Preise gewinnen.	Défi de force avec lots : frappez la poire, réalisez un bon score et gagnez une récompense.
Suitable for amusement arcades, commercial venues & homes.	Do salonów gier, obiektów komercyjnych i domowych stref rozrywki.	Für Spielhallen, gewerbliche Standorte und private Spielräume geeignet.	Adapté aux salles d’arcade, établissements professionnels et espaces de jeux privés.
Thrilling gameplay: Captivates players with exciting challenges that test their strength, ensuring they stay engaged and keep coming back for more fun.	Emocjonująca rozgrywka: wyzwania sprawdzające siłę przyciągają graczy i zachęcają ich do powrotu.	Spannendes Spiel: Kraftproben fesseln die Spieler und motivieren sie zum Wiederkommen.	Un jeu palpitant : des défis de force qui captivent les joueurs et leur donnent envie de revenir.
Ticket Option: Can be set to reward tickets, making it ideal for redemption venues.	Opcja biletów: możliwość wydawania biletów nagrodowych, idealna do obiektów z wymianą biletów na nagrody.	Ticketoption: Ausgabe von Gewinn-Tickets möglich, ideal für Standorte mit Prämieneinlösung.	Option tickets : distribution de tickets gagnants, idéale pour les établissements proposant leur échange contre des lots.
Ticket dispenser.	Dyspenser biletów.	Ticketspender.	Distributeur de tickets.
Unique LED matrix light display incorporating game commentary.	Wyjątkowy matrycowy wyświetlacz LED z komunikatami komentującymi grę.	Markante LED-Matrixanzeige mit spielbegleitenden Kommentaren.	Affichage matriciel LED avec commentaires sur le déroulement de la partie.
Unmatched Durability & Convenience: Built with premium electronics and tough mechanics, making it perfect for high-traffic venues. Plus, it accepts bills, coins, cards, and tokens for seamless transactions.	Trwałość i wygoda: wysokiej jakości elektronika i solidna mechanika do intensywnego użytkowania. Obsługa banknotów, monet, kart i żetonów usprawnia płatności.	Langlebigkeit und Komfort: hochwertige Elektronik und robuste Mechanik für intensive Nutzung. Banknoten, Münzen, Karten und Jetons ermöglichen unkomplizierte Zahlungen.	Robustesse et simplicité : électronique de qualité et mécanique solide pour un usage intensif. Billets, pièces, cartes et jetons facilitent le paiement.
Warranty: 12 months for enterprises, 24 months for consumers	Gwarancja: 12 miesięcy dla firm, 24 miesiące dla konsumentów.	Garantie: 12 Monate für Unternehmen, 24 Monate für Verbraucher.	Garantie : 12 mois pour les entreprises, 24 mois pour les consommateurs.
accessories included: 4 mallets, 6 pucks, 100 tokens (if programmed for tokens)	Akcesoria w zestawie: 4 odbijaki, 6 krążków, 100 żetonów przy konfiguracji na żetony.	Zubehör: 4 Schläger, 6 Pucks und 100 Jetons bei Jetonbetrieb.	Accessoires inclus : 4 poussoirs, 6 palets et 100 jetons si la machine est configurée pour les jetons.
accessories included: 4 mallets, 6 pucks, 100 tokens (if token-programmed)	Akcesoria w zestawie: 4 odbijaki, 6 krążków, 100 żetonów przy konfiguracji na żetony.	Zubehör: 4 Schläger, 6 Pucks und 100 Jetons bei Jetonbetrieb.	Accessoires inclus : 4 poussoirs, 6 palets et 100 jetons si la machine est configurée pour les jetons.
air pump 260 W	Dmuchawa 260 W.	Luftpumpe mit 260 W.	Soufflerie de 260 W.
construction made of metal and laminated polycarbonate	Konstrukcja z metalu i laminowanego poliwęglanu.	Konstruktion aus Metall und laminiertem Polycarbonat.	Structure en métal et polycarbonate laminé.
digital score display for each player	Cyfrowy wyświetlacz wyniku dla każdego gracza.	Digitale Punkteanzeige für jeden Spieler.	Afficheur numérique du score pour chaque joueur.
digital score display in standard/LED lamp optional	Cyfrowy wyświetlacz wyniku w standardzie; lampa LED opcjonalnie.	Digitale Punkteanzeige serienmäßig; LED-Lampe optional.	Afficheur numérique du score de série ; lampe LED en option.
digital score, credit and record display	Cyfrowy wyświetlacz wyniku, kredytów i rekordu.	Digitale Anzeige für Spielstand, Guthaben und Rekord.	Afficheur numérique du score, des crédits et du record.
east and fast assembly	Łatwy i szybki montaż.	Einfache und schnelle Montage.	Montage simple et rapide.
easy and fast assembly	Łatwy i szybki montaż.	Einfache und schnelle Montage.	Montage simple et rapide.
easy moving system (6 wheels with blockade system)	System łatwego przemieszczania: 6 kół z blokadą.	Leicht zu bewegen: 6 Rollen mit Feststellfunktion.	Déplacement facilité : 6 roulettes avec système de blocage.
electronic coin acceptor COMESTERO RM5	Elektroniczny wrzutnik monet COMESTERO RM5.	Elektronischer Münzprüfer COMESTERO RM5.	Monnayeur électronique COMESTERO RM5.
linking option	Możliwość łączenia automatów.	Vernetzungsoption.	Option de liaison entre machines.
moving basket	Ruchomy kosz.	Beweglicher Korb.	Panier mobile.
optional - ticket dispenser, bill acceptor, card reader	Opcjonalnie: dyspenser biletów, akceptor banknotów i czytnik kart.	Optional: Ticketspender, Banknotenleser und Kartenleser.	En option : distributeur de tickets, accepteur de billets et lecteur de cartes.
optional: ticket dispenser, bill acceptor, card reader	Opcjonalnie: dyspenser biletów, akceptor banknotów i czytnik kart.	Optional: Ticketspender, Banknotenleser und Kartenleser.	En option : distributeur de tickets, accepteur de billets et lecteur de cartes.
polycarbonate barrier in the middle of playfield	Bariera z poliwęglanu pośrodku pola gry.	Polycarbonat-Barriere in der Spielfeldmitte.	Barrière en polycarbonate au centre du terrain.
polycarbonate barrier on both sides and in the center of a playfield	Bariery z poliwęglanu po obu bokach i pośrodku pola gry.	Polycarbonat-Barrieren an beiden Seiten und in der Spielfeldmitte.	Barrières en polycarbonate sur les côtés et au centre du terrain.
polycarbonate perforated playfield	Perforowane pole gry z poliwęglanu.	Perforierte Spielfläche aus Polycarbonat.	Surface de jeu perforée en polycarbonate.
polycarbonate top frame around the playfield with a lighting system	Górna rama z poliwęglanu wokół pola gry, z systemem oświetlenia.	Oberer Polycarbonat-Rahmen um die Spielfläche mit Beleuchtungssystem.	Cadre supérieur en polycarbonate autour du terrain, avec système d’éclairage.
power consumption 60 W (demo mode), 390 W (game mode)	Pobór mocy: 60 W w trybie demonstracyjnym, 390 W podczas gry.	Leistungsaufnahme: 60 W im Demomodus, 390 W im Spielbetrieb.	Puissance absorbée : 60 W en démonstration, 390 W en jeu.
power consumption 82 W (demo mode), 260 W (game mode)	Pobór mocy: 82 W w trybie demonstracyjnym, 260 W podczas gry.	Leistungsaufnahme: 82 W im Demomodus, 260 W im Spielbetrieb.	Puissance absorbée : 82 W en démonstration, 260 W en jeu.
power consumption: 105 W (demo mode), 180 W (game mode)	Pobór mocy: 105 W w trybie demonstracyjnym, 180 W podczas gry.	Leistungsaufnahme: 105 W im Demomodus, 180 W im Spielbetrieb.	Puissance absorbée : 105 W en démonstration, 180 W en jeu.
power conumption: 105 W (demo mode), 180 W (game mode)	Pobór mocy: 105 W w trybie demonstracyjnym, 180 W podczas gry.	Leistungsaufnahme: 105 W im Demomodus, 180 W im Spielbetrieb.	Puissance absorbée : 105 W en démonstration, 180 W en jeu.
power supply 230V/50Hz	Zasilanie: 230 V / 50 Hz.	Stromversorgung: 230 V / 50 Hz.	Alimentation : 230 V / 50 Hz.
power supply 230v/50Hz	Zasilanie: 230 V / 50 Hz.	Stromversorgung: 230 V / 50 Hz.	Alimentation : 230 V / 50 Hz.
stainless perforated metal playfield	Perforowane metalowe pole gry ze stali nierdzewnej.	Perforierte Spielfläche aus Edelstahl.	Surface de jeu perforée en acier inoxydable.
standard power supply 230v/50Hz	Standardowe zasilanie: 230 V / 50 Hz.	Standard-Stromversorgung: 230 V / 50 Hz.	Alimentation standard : 230 V / 50 Hz.
system of lighting LED in legs	Oświetlenie LED w nogach.	LED-Beleuchtung in den Tischbeinen.	Éclairage LED dans les pieds.
system of lighting LED in playfield	Oświetlenie LED pola gry.	LED-Beleuchtung der Spielfläche.	Éclairage LED du terrain de jeu.
warranty: 12 months	Gwarancja: 12 miesięcy.	Garantie: 12 Monate.	Garantie : 12 mois.
warranty: 12 months for enterprises, 24 months for consumers	Gwarancja: 12 miesięcy dla firm, 24 miesiące dla konsumentów.	Garantie: 12 Monate für Unternehmen, 24 Monate für Verbraucher.	Garantie : 12 mois pour les entreprises, 24 mois pour les consommateurs.
