Boxer & Arcade Machine Manufacturer | Pro Games Poland	Producent bokserów i automatów rozrywkowych | Pro Games Poland	Hersteller von Box- und Unterhaltungsautomaten | Pro Games Poland	Fabricant de machines de boxe et d’arcade | Pro Games Poland
Boxer Standard — 15 Boxing Machine Designs | Pro Games	Boxer Standard — 15 modeli bokserów | Pro Games	Boxer Standard — 15 Boxautomaten-Designs | Pro Games	Boxer Standard — 15 modèles de machines de boxe | Pro Games
Arcade Machines & Spare Parts Catalogs | Pro Games Poland	Katalogi automatów i części zamiennych | Pro Games Poland	Automaten- und Ersatzteilkataloge | Pro Games Poland	Catalogues de machines et pièces détachées | Pro Games Poland
Polish manufacturer of boxer and arcade machines. Explore boxing, kicker, hammer and combo games, colours, specifications, spare parts and B2B enquiries.	Polski producent bokserów i automatów rozrywkowych. Poznaj modele, kolory, dane techniczne i części zamienne. Zapytaj o ofertę dla swojego obiektu.	Box- und Unterhaltungsautomaten aus Polen. Entdecken Sie Modelle, Farben, technische Daten und Ersatzteile. Jetzt ein Angebot für Ihren Standort anfordern.	Fabricant polonais de machines de boxe et d’arcade. Découvrez les modèles, couleurs, caractéristiques et pièces détachées. Demandez votre devis.
Explore all 15 Boxer Standard designs from Pro Games: Joker, Champion, MMA, Viking and more. Compare photos and choose your model and cabinet colour.	Poznaj 15 modeli Boxer Standard: Joker, Champion, MMA, Viking i inne. Porównaj zdjęcia, wybierz model i kolor obudowy.	Entdecken Sie 15 Boxer Standard Designs: Joker, Champion, MMA, Viking und mehr. Vergleichen Sie Fotos und wählen Sie Modell und Gehäusefarbe.	Découvrez les 15 modèles Boxer Standard : Joker, Champion, MMA, Viking et bien d’autres. Comparez les photos et choisissez votre modèle et sa couleur.
Browse and download Pro Games arcade machine and spare parts catalogs as local PDF files. Find models, components and information for operators.	Przeglądaj i pobieraj katalogi automatów Pro Games oraz części zamiennych w PDF. Modele, podzespoły i informacje dla operatorów w jednym miejscu.	Pro Games Automaten- und Ersatzteilkataloge als PDF ansehen und herunterladen. Modelle, Komponenten und Informationen für Betreiber an einem Ort.	Consultez et téléchargez les catalogues PDF de machines et de pièces Pro Games. Modèles, composants et informations pour les exploitants.
Pro Games Champion boxer machine in an arena setting	Automat bokserski Pro Games Champion w aranżacji areny	Pro Games Champion Boxautomat in einer Arena-Kulisse	Machine de boxe Pro Games Champion dans un décor d’arène
Completed Pro Games amusement machines lined up at the production facility	Gotowe automaty Pro Games w zakładzie produkcyjnym	Fertige Pro Games Unterhaltungsautomaten im Produktionsbetrieb	Machines Pro Games terminées dans l’atelier de production
Assembly and final setup of Pro Games boxer machines in Poland	Montaż i końcowa konfiguracja bokserów Pro Games w Polsce	Montage und Endeinstellung von Pro Games Boxautomaten in Polen	Assemblage et réglage final des machines de boxe Pro Games en Pologne
Electronics and wiring inside a Pro Games amusement machine	Elektronika i okablowanie wewnątrz automatu Pro Games	Elektronik und Verkabelung im Inneren eines Pro Games Automaten	Électronique et câblage à l’intérieur d’une machine Pro Games
Testing a Pro Games boxer machine during production	Test automatu bokserskiego Pro Games podczas produkcji	Prüfung eines Pro Games Boxautomaten während der Fertigung	Essai d’une machine de boxe Pro Games en cours de production
Pro Games international emblem	Międzynarodowy emblemat Pro Games	Internationales Pro Games Emblem	Emblème international Pro Games
Pro Games amusement machine	Automat rozrywkowy Pro Games	Pro Games Unterhaltungsautomat	Machine de divertissement Pro Games
designed and manufactured in Poland	projektowane i produkowane w Polsce	in Polen entwickelt und gefertigt	conçu et fabriqué en Pologne
support	wsparcie	Support	assistance
FEB 2026	LUTY 2026	FEB. 2026	FÉVR. 2026
MAR 2026	MARZEC 2026	MÄRZ 2026	MARS 2026
SEP 2026	WRZESIEŃ 2026	SEPT. 2026	SEPT. 2026
NOV 2026	LISTOPAD 2026	NOV. 2026	NOV. 2026
17–20 NOV 2026	17–20 LISTOPADA 2026	17.–20. NOV. 2026	17–20 NOV. 2026
Odense · Denmark	Odense · Dania	Odense · Dänemark	Odense · Danemark
ExCeL London · United Kingdom	ExCeL London · Wielka Brytania	ExCeL London · Vereinigtes Königreich	ExCeL London · Royaume-Uni
Fiera di Bergamo · Bergamo, Italy	Fiera di Bergamo · Bergamo, Włochy	Fiera di Bergamo · Bergamo, Italien	Fiera di Bergamo · Bergame, Italie
Las Vegas Convention Center · Las Vegas, USA	Las Vegas Convention Center · Las Vegas, USA	Las Vegas Convention Center · Las Vegas, USA	Las Vegas Convention Center · Las Vegas, États-Unis
Orange County Convention Center · Orlando, Florida, USA	Orange County Convention Center · Orlando, Floryda, USA	Orange County Convention Center · Orlando, Florida, USA	Orange County Convention Center · Orlando, Floride, États-Unis
London	Londyn	London	Londres
Bergamo	Bergamo	Bergamo	Bergame
Dubai	Dubaj	Dubai	Dubaï
ESPAÑA	HISZPANIA	SPANIEN	ESPAGNE
PRO GAMES POLAND EN ESPAÑA	PRO GAMES POLAND W HISZPANII	PRO GAMES POLAND IN SPANIEN	PRO GAMES POLAND EN ESPAGNE
Móvil: 0034 602 001 399	Telefon kom.: 0034 602 001 399	Mobil: 0034 602 001 399	Mobile : 0034 602 001 399
