COLLECTION / BOXERS	KOLEKCJA / BOKSERY	KOLLEKTION / BOXAUTOMATEN	COLLECTION / BOXE
15 Boxer Standard designs. Choose a model to explore its colours, photos and specifications.	15 modeli Boxer Standard. Wybierz model i poznaj jego kolory, zdjęcia oraz dane techniczne.	15 Designs der Serie Boxer Standard. Wählen Sie ein Modell und entdecken Sie Farben, Fotos und technische Daten.	15 modèles Boxer Standard. Choisissez un modèle pour découvrir ses couleurs, ses photos et ses caractéristiques techniques.
Choose your model	Wybierz swój model	Wählen Sie Ihr Modell	Choisissez votre modèle
All products	Wszystkie produkty	Alle Produkte	Tous les produits
All machines	Wszystkie automaty	Alle Automaten	Toutes les machines
← All machines	← Wszystkie automaty	← Alle Automaten	← Toutes les machines
← All products	← Wszystkie produkty	← Alle Produkte	← Tous les produits
Breadcrumb	Ścieżka nawigacji	Brotkrumennavigation	Fil d’Ariane
View full product catalog →	Zobacz pełny katalog produktów →	Gesamten Produktkatalog ansehen →	Voir le catalogue complet →
Pricing and final configuration are quoted individually.	Cenę i ostateczną konfigurację ustalamy indywidualnie.	Preis und endgültige Konfiguration werden individuell angeboten.	Le prix et la configuration finale font l’objet d’un devis personnalisé.
COLOUR / ARTWORK	KOLOR / WZÓR	FARBE / DESIGN	COULEUR / DÉCOR
AVAILABLE COLORS	DOSTĘPNE KOLORY	VERFÜGBARE FARBEN	COULEURS DISPONIBLES
Choose colour or artwork variant	Wybierz kolor lub wzór	Farbe oder Design auswählen	Choisir une couleur ou un décor
CONFIGURE YOUR MACHINE	SKONFIGURUJ SWÓJ AUTOMAT	KONFIGURIEREN SIE IHREN AUTOMATEN	CONFIGUREZ VOTRE MACHINE
Choose your equipment.	Wybierz wyposażenie.	Wählen Sie Ihre Ausstattung.	Choisissez votre équipement.
Select your options, review the summary and request a quote.	Wybierz opcje, sprawdź podsumowanie i zapytaj o ofertę.	Wählen Sie Ihre Optionen, prüfen Sie die Übersicht und fordern Sie ein Angebot an.	Sélectionnez vos options, vérifiez le récapitulatif et demandez un devis.
Payment & dispensing	Płatności i wydawanie nagród	Zahlung und Ausgabe	Paiement et distribution
Payment	Płatności	Zahlung	Paiement
& dispensing	 i wydawanie nagród	 und Ausgabe	 et distribution
dispensing	wydawanie nagród	Ausgabe	distribution
Choose the payment and dispensing options for your machine. Multiple selections are possible.	Wybierz systemy płatności i wydawania nagród. Możesz zaznaczyć kilka opcji.	Wählen Sie die Zahlungs- und Ausgabesysteme für Ihren Automaten. Mehrfachauswahl ist möglich.	Choisissez les systèmes de paiement et de distribution de votre machine. Plusieurs choix sont possibles.
Additional options	Dodatkowe opcje	Zusatzoptionen	Options supplémentaires
Additional bank-note acceptor	Dodatkowy akceptor banknotów	Zusätzlicher Banknotenleser	Accepteur de billets supplémentaire
Additional coin slot	Dodatkowy wrzutnik monet	Zusätzlicher Münzeinwurf	Monnayeur supplémentaire
Capsule dispenser	Dyspenser kapsuł	Kapselspender	Distributeur de capsules
Ticket Dispenser	Dyspenser biletów	Ticketspender	Distributeur de tickets
Custom stickers	Indywidualna grafika	Individuelle Aufkleber	Décors personnalisés
Internet Wi-Fi Boxnet	Łączność Wi-Fi Boxnet	WLAN-Anbindung Boxnet	Connexion Wi-Fi Boxnet
Included as standard with every machine: 2-meter power cable.	W standardzie z każdym automatem: przewód zasilający o długości 2 metrów.	Bei jedem Automaten serienmäßig enthalten: ein 2 Meter langes Netzkabel.	Fourni de série avec chaque machine : un câble d’alimentation de 2 mètres.
Your configuration	Twoja konfiguracja	Ihre Konfiguration	Votre configuration
Model	Model	Modell	Modèle
Colour / finish	Kolor / wykończenie	Farbe / Ausführung	Couleur / finition
Standard configuration · to be confirmed	Konfiguracja standardowa · do potwierdzenia	Standardkonfiguration · zu bestätigen	Configuration standard · à confirmer
No additional options	Bez dodatkowych opcji	Keine Zusatzoptionen	Aucune option supplémentaire
Request this configuration ↗	Zapytaj o tę konfigurację ↗	Diese Konfiguration anfragen ↗	Demander cette configuration ↗
Our sales team will confirm compatibility, availability and pricing for this model.	Nasz dział sprzedaży potwierdzi zgodność wyposażenia, dostępność i cenę dla tego modelu.	Unser Vertrieb bestätigt die Kompatibilität, Verfügbarkeit und Preise für dieses Modell.	Notre équipe commerciale confirmera la compatibilité, la disponibilité et le prix pour ce modèle.
Enable JavaScript to include selected options in your enquiry, or list them in the contact form.	Włącz JavaScript, aby dołączyć wybrane opcje do zapytania, lub wpisz je w formularzu kontaktowym.	Aktivieren Sie JavaScript, um gewählte Optionen in Ihre Anfrage zu übernehmen, oder nennen Sie diese im Kontaktformular.	Activez JavaScript pour inclure les options choisies dans votre demande, ou indiquez-les dans le formulaire de contact.
PRODUCT DETAILS	SZCZEGÓŁY PRODUKTU	PRODUKTDETAILS	DÉTAILS DU PRODUIT
Specifications & features	Dane techniczne i funkcje	Technische Daten und Funktionen	Caractéristiques et fonctionnalités
Specifications	Dane techniczne	Technische Daten	Caractéristiques techniques
features	funkcje	Funktionen	fonctionnalités
Key features	Najważniejsze cechy	Wichtigste Merkmale	Points forts
Technical specifications	Dane techniczne	Technische Daten	Caractéristiques techniques
Available upgrades / options	Dostępne opcje i wyposażenie	Verfügbare Extras und Optionen	Options et équipements disponibles
OPERATOR CONFIGURATION	KONFIGURACJA DLA OPERATORA	KONFIGURATION FÜR BETREIBER	CONFIGURATION POUR L’EXPLOITANT
Operator configuration	Konfiguracja dla operatora	Konfiguration für Betreiber	Configuration pour l’exploitant
ONE MACHINE.	TWÓJ AUTOMAT.	EIN AUTOMAT.	UNE MACHINE.
CONFIGURED FOR YOUR VENUE.	DOPASOWANY DO TWOJEGO OBIEKTU.	PASSEND ZU IHREM STANDORT.	ADAPTÉE À VOTRE ÉTABLISSEMENT.
Payment hardware, artwork, lighting, ticket or prize configuration and some technical details can vary by market and order. Contact Pro Games for the current specification of the exact version you need.	System płatności, grafika, oświetlenie, funkcje biletowe i nagrodowe oraz szczegóły techniczne zależą od modelu, rynku i zamówienia. Skontaktuj się z Pro Games, aby potwierdzić konfigurację odpowiednią dla Twojego obiektu.	Zahlungssysteme, Design, Beleuchtung, Ticket- oder Preisausgabe sowie einzelne technische Details können je nach Markt und Auftrag variieren. Kontaktieren Sie Pro Games, um die aktuelle Ausstattung Ihrer gewünschten Ausführung abzustimmen.	Les systèmes de paiement, les décors, l’éclairage, la distribution de tickets ou de lots et certains détails techniques peuvent varier selon le marché et la commande. Contactez Pro Games pour confirmer les caractéristiques de la version souhaitée.
EXPLORE MORE	POZNAJ WIĘCEJ	MEHR ENTDECKEN	DÉCOUVRIR AUSSI
RELATED MACHINES	PODOBNE AUTOMATY	ÄHNLICHE AUTOMATEN	MACHINES ASSOCIÉES
View all Boxer Standard models ↗	Zobacz wszystkie modele Boxer Standard ↗	Alle Boxer Standard Modelle ansehen ↗	Voir tous les modèles Boxer Standard ↗
View all products ↗	Zobacz wszystkie produkty ↗	Alle Produkte ansehen ↗	Voir tous les produits ↗
Configuration updated.	Konfiguracja została zaktualizowana.	Konfiguration aktualisiert.	Configuration mise à jour.
The image could not be loaded. Please try again.	Nie udało się wczytać zdjęcia. Spróbuj ponownie.	Das Bild konnte nicht geladen werden. Bitte versuchen Sie es erneut.	L’image n’a pas pu être chargée. Veuillez réessayer.
Your configuration request	Twoje zapytanie o konfigurację	Ihre Konfigurationsanfrage	Votre demande de configuration
Edit configuration ↗	Zmień konfigurację ↗	Konfiguration bearbeiten ↗	Modifier la configuration ↗
Yes	Tak	Ja	Oui
No	Nie	Nein	Non
Product not found	Nie znaleziono produktu	Produkt nicht gefunden	Produit introuvable
View products	Zobacz produkty	Produkte ansehen	Voir les produits
BOXER STANDARD	BOKSER STANDARD	BOXAUTOMAT STANDARD	BOXE STANDARD
BOXER PREMIUM	BOKSER PREMIUM	BOXAUTOMAT PREMIUM	BOXE PREMIUM
BOXER PREMIUM / PRIZE	BOKSER PREMIUM / NAGRODY	BOXAUTOMAT PREMIUM / PREISE	BOXE PREMIUM / LOTS
BOXER / PRIZE	BOKSER / NAGRODY	BOXAUTOMAT / PREISE	BOXE / LOTS
BOXER KIDS	BOKSER DLA DZIECI	BOXAUTOMAT FÜR KINDER	BOXE ENFANTS
PREMIUM KIDS	PREMIUM DLA DZIECI	PREMIUM FÜR KINDER	PREMIUM ENFANTS
MULTIPLAYER BOXER	BOKSER WIELOOSOBOWY	MEHRSPIELER-BOXAUTOMAT	BOXE MULTIJOUEUR
MULTIPLAYER BOXER MACHINE	WIELOOSOBOWY AUTOMAT BOKSERSKI	MEHRSPIELER-BOXAUTOMAT	MACHINE DE BOXE MULTIJOUEUR
BOXER + KICKER	BOKSER + KOPACZ	BOXEN + KICKEN	BOXE + FOOT
BOXER + KICKER + PRIZE	BOKSER + KOPACZ + NAGRODY	BOXEN + KICKEN + PREISE	BOXE + FOOT + LOTS
KIDS / BOXER + KICKER	DLA DZIECI / BOKSER + KOPACZ	KINDER / BOXEN + KICKEN	ENFANTS / BOXE + FOOT
KIDS / BOXER + KICKER + PRIZE	DLA DZIECI / BOKSER + KOPACZ + NAGRODY	KINDER / BOXEN + KICKEN + PREISE	ENFANTS / BOXE + FOOT + LOTS
3-IN-1	3 W 1	3-IN-1	3-EN-1
3-IN-1 / TICKET	3 W 1 / BILETY	3-IN-1 / TICKETS	3-EN-1 / TICKETS
DOUBLE CHALLENGE	PODWÓJNE WYZWANIE	DOPPELTE HERAUSFORDERUNG	DOUBLE DÉFI
STRENGTH GAME	TESTER SIŁY	KRAFTMESSER	JEU DE FORCE
HAMMER	MŁOT	HAMMER	MARTEAU
KICKER	KOPACZ	KICKER	FOOT
MATTE / AIRBRUSHED	MAT / AEROGRAF	MATT / AIRBRUSH	MAT / AÉROGRAPHE
DISTRIBUTED / AIR HOCKEY	DYSTRYBUCJA / CYMBERGAJE	VERTRIEB / AIRHOCKEY	DISTRIBUTION / AIR HOCKEY
DISTRIBUTED / BASKETBALL	DYSTRYBUCJA / KOSZYKÓWKA	VERTRIEB / BASKETBALL	DISTRIBUTION / BASKET
DISTRIBUTED / KIDS BASKETBALL	DYSTRYBUCJA / KOSZYKÓWKA DLA DZIECI	VERTRIEB / KINDER-BASKETBALL	DISTRIBUTION / BASKET ENFANTS
DISTRIBUTED / INFLATABLES	DYSTRYBUCJA / DMUCHAŃCE	VERTRIEB / HÜPFBURGEN	DISTRIBUTION / GONFLABLES
DISTRIBUTED MACHINE	AUTOMAT W DYSTRYBUCJI	VERTRIEBSPRODUKT	MACHINE EN DISTRIBUTION
Height	Wysokość	Höhe	Hauteur
Width	Szerokość	Breite	Largeur
Length	Długość	Länge	Longueur
Weight	Masa	Gewicht	Poids
Dimensions	Wymiary	Abmessungen	Dimensions
Power supply	Zasilanie	Stromversorgung	Alimentation
Power consumption	Pobór mocy	Leistungsaufnahme	Puissance absorbée
To be confirmed	Do potwierdzenia	Noch zu bestätigen	À confirmer
Product: LxWxH // Weight	Produkt: dł. × szer. × wys. // masa	Produkt: L × B × H // Gewicht	Produit : L × l × H // poids
Package: LxWxH // Weight	Opakowanie: dł. × szer. × wys. // masa	Verpackung: L × B × H // Gewicht	Emballage : L × l × H // poids
Black	Czarny	Schwarz	Noir
White	Biały	Weiß	Blanc
Red	Czerwony	Rot	Rouge
Blue	Niebieski	Blau	Bleu
Green	Zielony	Grün	Vert
Orange	Pomarańczowy	Orange	Orange
Yellow	Żółty	Gelb	Jaune
Pink	Różowy	Rosa	Rose
Purple	Fioletowy	Violett	Violet
Silver	Srebrny	Silber	Argenté
Brown	Brązowy	Braun	Marron
Graphite	Grafitowy	Graphit	Graphite
Golden	Złoty	Gold	Doré
Multicolour	Wielokolorowy	Mehrfarbig	Multicolore
Current model	Aktualny model	Aktuelles Modell	Modèle actuel
Current range	Aktualna oferta	Aktuelles Sortiment	Gamme actuelle
Compact	Kompaktowy	Kompakt	Compact
Kids	Dla dzieci	Kinder	Enfants
Standard	Standard	Standard	Standard
Matte black	Czarny mat	Mattschwarz	Noir mat
Comic artwork	Grafika komiksowa	Comic-Design	Décor bande dessinée
Dino with Slide	Dinozaur ze zjeżdżalnią	Dino mit Rutsche	Dinosaure avec toboggan
Circus with Slide	Cyrk ze zjeżdżalnią	Zirkus mit Rutsche	Cirque avec toboggan
Jungle with Roof	Dżungla z dachem	Dschungel mit Dach	Jungle avec toit
Jungle with Slide	Dżungla ze zjeżdżalnią	Dschungel mit Rutsche	Jungle avec toboggan
Pirates with Roof	Piraci z dachem	Piraten mit Dach	Pirates avec toit
Pirates with Slide	Piraci ze zjeżdżalnią	Piraten mit Rutsche	Pirates avec toboggan
Princess with Roof	Księżniczka z dachem	Prinzessin mit Dach	Princesse avec toit
Princess with Slide	Księżniczka ze zjeżdżalnią	Prinzessin mit Rutsche	Princesse avec toboggan
Sea with Roof	Morze z dachem	Meer mit Dach	Mer avec toit
Sea with Slide	Morze ze zjeżdżalnią	Meer mit Rutsche	Mer avec toboggan
DOWNLOADS / ONLINE VIEWER	DO POBRANIA / PODGLĄD ONLINE	DOWNLOADS / ONLINE-ANSICHT	TÉLÉCHARGEMENT / CONSULTATION EN LIGNE
CATALOGS.	KATALOGI.	KATALOGE.	CATALOGUES.
Choose the catalog you need. Browse it directly on this page or download the original PDF for offline use.	Wybierz katalog. Przeglądaj go na tej stronie lub pobierz oryginalny plik PDF, aby korzystać z niego bez internetu.	Wählen Sie den gewünschten Katalog. Blättern Sie direkt auf dieser Seite darin oder laden Sie die Original-PDF für die Offline-Nutzung herunter.	Choisissez votre catalogue. Consultez-le sur cette page ou téléchargez le PDF original pour le retrouver hors ligne.
Pro Games catalogs	Katalogi Pro Games	Pro Games Kataloge	Catalogues Pro Games
MACHINES / 40 PAGES	AUTOMATY / 40 STRON	AUTOMATEN / 40 SEITEN	MACHINES / 40 PAGES
Machine	Automaty	Automaten	Machines
Boxers, combo machines, kids machines, Kicker, Hammer and selected distributed amusement products.	Boksery, urządzenia wielofunkcyjne, automaty dla dzieci, kopacze, młoty i wybrane produkty z oferty dystrybucyjnej.	Boxautomaten, Kombigeräte, Kinderautomaten, Kicker, Hammer und ausgewählte Unterhaltungsgeräte unserer Vertriebspartner.	Machines de boxe, modèles combinés, jeux pour enfants, foot, marteaux et une sélection de produits de notre offre de distribution.
VIEW →	ZOBACZ →	ANSEHEN →	CONSULTER →
SPARE PARTS / 10 PAGES	CZĘŚCI ZAMIENNE / 10 STRON	ERSATZTEILE / 10 SEITEN	PIÈCES DÉTACHÉES / 10 PAGES
Punchballs, electronics, mechanisms, displays, sensors, cables, plexiglass parts and service components.	Gruszki bokserskie, elektronika, mechanizmy, wyświetlacze, czujniki, przewody, elementy z pleksi i części serwisowe.	Schlagbälle, Elektronik, Mechanismen, Displays, Sensoren, Kabel, Plexiglasteile und Servicekomponenten.	Poires de frappe, électronique, mécanismes, afficheurs, capteurs, câbles, éléments en plexiglas et pièces de maintenance.
MACHINE CATALOG	KATALOG AUTOMATÓW	AUTOMATENKATALOG	CATALOGUE DE MACHINES
Pro Games Machines	Automaty Pro Games	Pro Games Automaten	Machines Pro Games
Pro Games Spare Parts	Części zamienne Pro Games	Pro Games Ersatzteile	Pièces détachées Pro Games
Browse the complete machine range without leaving the website.	Przeglądaj pełną ofertę automatów bez opuszczania strony.	Entdecken Sie das gesamte Automatensortiment direkt auf dieser Website.	Consultez toute la gamme de machines sans quitter le site.
Browse service parts and replacement components for Pro Games machines.	Poznaj części serwisowe i podzespoły zamienne do automatów Pro Games.	Entdecken Sie Service- und Ersatzteile für Pro Games Automaten.	Découvrez les pièces d’entretien et de rechange pour les machines Pro Games.
Open PDF ↗	Otwórz PDF ↗	PDF öffnen ↗	Ouvrir le PDF ↗
Download PDF	Pobierz PDF	PDF herunterladen	Télécharger le PDF
Pro Games Machines Catalog	Katalog automatów Pro Games	Pro Games Automatenkatalog	Catalogue de machines Pro Games
Pro Games Spare Parts Catalog	Katalog części zamiennych Pro Games	Pro Games Ersatzteilkatalog	Catalogue de pièces détachées Pro Games
PDF catalog	Katalog PDF	PDF-Katalog	Catalogue PDF
Every machine includes a coin acceptor as standard. You can add an extra coin acceptor in the configurator.	Każde urządzenie ma wrzutnik monet w standardzie. W konfiguratorze możesz wybrać dodatkowy wrzutnik.	Jedes Gerät ist serienmäßig mit einem Münzeinwurf ausgestattet. Im Konfigurator können Sie einen zusätzlichen Münzeinwurf auswählen.	Chaque appareil est équipé d’un monnayeur de série. Vous pouvez ajouter un monnayeur supplémentaire dans le configurateur.
