source,destination,status,condition
"/:path*","https://www.progamespoland.com/:path*","301","[{""type"":""host"",""value"":""progames.pl""}]"
"/:path*","https://www.progamespoland.com/:path*","301","[{""type"":""host"",""value"":""www.progames.pl""}]"
"/:path*","https://www.progamespoland.com/:path*","301","[{""type"":""host"",""value"":""progamespoland.com""}]"
"/index.html","/","301","[]"
"/pl/index.html","/","301","[]"
"/pl","/","301","[]"
"/product.html","/en/products/boxer-toy.html?variant=:variant","301","[{""type"":""query"",""key"":""model"",""value"":""boxer-toy""},{""type"":""query"",""key"":""variant"",""value"":""(?<variant>[a-z0-9-]+)""}]"
"/product.html","/en/products/boxer-toy.html","301","[{""type"":""query"",""key"":""model"",""value"":""boxer-toy""}]"
"/product.html","/en/products/monster-3in1-ticket.html?variant=:variant","301","[{""type"":""query"",""key"":""model"",""value"":""monster-3in1-ticket""},{""type"":""query"",""key"":""variant"",""value"":""(?<variant>[a-z0-9-]+)""}]"
"/product.html","/en/products/monster-3in1-ticket.html","301","[{""type"":""query"",""key"":""model"",""value"":""monster-3in1-ticket""}]"
"/product.html","/en/products/monster-3in1.html?variant=:variant","301","[{""type"":""query"",""key"":""model"",""value"":""monster-3in1""},{""type"":""query"",""key"":""variant"",""value"":""(?<variant>[a-z0-9-]+)""}]"
"/product.html","/en/products/monster-3in1.html","301","[{""type"":""query"",""key"":""model"",""value"":""monster-3in1""}]"
"/product.html","/en/products/double-hit.html?variant=:variant","301","[{""type"":""query"",""key"":""model"",""value"":""double-hit""},{""type"":""query"",""key"":""variant"",""value"":""(?<variant>[a-z0-9-]+)""}]"
"/product.html","/en/products/double-hit.html","301","[{""type"":""query"",""key"":""model"",""value"":""double-hit""}]"
"/product.html","/en/products/double-hit-gift.html?variant=:variant","301","[{""type"":""query"",""key"":""model"",""value"":""double-hit-gift""},{""type"":""query"",""key"":""variant"",""value"":""(?<variant>[a-z0-9-]+)""}]"
"/product.html","/en/products/double-hit-gift.html","301","[{""type"":""query"",""key"":""model"",""value"":""double-hit-gift""}]"
"/product.html","/en/products/double-hit-kids.html?variant=:variant","301","[{""type"":""query"",""key"":""model"",""value"":""double-hit-kids""},{""type"":""query"",""key"":""variant"",""value"":""(?<variant>[a-z0-9-]+)""}]"
"/product.html","/en/products/double-hit-kids.html","301","[{""type"":""query"",""key"":""model"",""value"":""double-hit-kids""}]"
"/product.html","/en/products/double-hit-kids-gift.html?variant=:variant","301","[{""type"":""query"",""key"":""model"",""value"":""double-hit-kids-gift""},{""type"":""query"",""key"":""variant"",""value"":""(?<variant>[a-z0-9-]+)""}]"
"/product.html","/en/products/double-hit-kids-gift.html","301","[{""type"":""query"",""key"":""model"",""value"":""double-hit-kids-gift""}]"
"/product.html","/en/products/double-strike.html?variant=:variant","301","[{""type"":""query"",""key"":""model"",""value"":""double-strike""},{""type"":""query"",""key"":""variant"",""value"":""(?<variant>[a-z0-9-]+)""}]"
"/product.html","/en/products/double-strike.html","301","[{""type"":""query"",""key"":""model"",""value"":""double-strike""}]"
"/product.html","/en/products/joker.html?variant=:variant","301","[{""type"":""query"",""key"":""model"",""value"":""joker""},{""type"":""query"",""key"":""variant"",""value"":""(?<variant>[a-z0-9-]+)""}]"
"/product.html","/en/products/joker.html","301","[{""type"":""query"",""key"":""model"",""value"":""joker""}]"
"/product.html","/en/products/pow-boxer.html?variant=:variant","301","[{""type"":""query"",""key"":""model"",""value"":""pow-boxer""},{""type"":""query"",""key"":""variant"",""value"":""(?<variant>[a-z0-9-]+)""}]"
"/product.html","/en/products/pow-boxer.html","301","[{""type"":""query"",""key"":""model"",""value"":""pow-boxer""}]"
"/product.html","/en/products/champion.html?variant=:variant","301","[{""type"":""query"",""key"":""model"",""value"":""champion""},{""type"":""query"",""key"":""variant"",""value"":""(?<variant>[a-z0-9-]+)""}]"
"/product.html","/en/products/champion.html","301","[{""type"":""query"",""key"":""model"",""value"":""champion""}]"
"/product.html","/en/products/easy.html?variant=:variant","301","[{""type"":""query"",""key"":""model"",""value"":""easy""},{""type"":""query"",""key"":""variant"",""value"":""(?<variant>[a-z0-9-]+)""}]"
"/product.html","/en/products/easy.html","301","[{""type"":""query"",""key"":""model"",""value"":""easy""}]"
"/product.html","/en/products/cyber-punch.html?variant=:variant","301","[{""type"":""query"",""key"":""model"",""value"":""cyber-punch""},{""type"":""query"",""key"":""variant"",""value"":""(?<variant>[a-z0-9-]+)""}]"
"/product.html","/en/products/cyber-punch.html","301","[{""type"":""query"",""key"":""model"",""value"":""cyber-punch""}]"
"/product.html","/en/products/gladiator.html?variant=:variant","301","[{""type"":""query"",""key"":""model"",""value"":""gladiator""},{""type"":""query"",""key"":""variant"",""value"":""(?<variant>[a-z0-9-]+)""}]"
"/product.html","/en/products/gladiator.html","301","[{""type"":""query"",""key"":""model"",""value"":""gladiator""}]"
"/product.html","/en/products/mma.html?variant=:variant","301","[{""type"":""query"",""key"":""model"",""value"":""mma""},{""type"":""query"",""key"":""variant"",""value"":""(?<variant>[a-z0-9-]+)""}]"
"/product.html","/en/products/mma.html","301","[{""type"":""query"",""key"":""model"",""value"":""mma""}]"
"/product.html","/en/products/black-jack.html?variant=:variant","301","[{""type"":""query"",""key"":""model"",""value"":""black-jack""},{""type"":""query"",""key"":""variant"",""value"":""(?<variant>[a-z0-9-]+)""}]"
"/product.html","/en/products/black-jack.html","301","[{""type"":""query"",""key"":""model"",""value"":""black-jack""}]"
"/product.html","/en/products/super-hero.html?variant=:variant","301","[{""type"":""query"",""key"":""model"",""value"":""super-hero""},{""type"":""query"",""key"":""variant"",""value"":""(?<variant>[a-z0-9-]+)""}]"
"/product.html","/en/products/super-hero.html","301","[{""type"":""query"",""key"":""model"",""value"":""super-hero""}]"
"/product.html","/en/products/power-black.html?variant=:variant","301","[{""type"":""query"",""key"":""model"",""value"":""power-black""},{""type"":""query"",""key"":""variant"",""value"":""(?<variant>[a-z0-9-]+)""}]"
"/product.html","/en/products/power-black.html","301","[{""type"":""query"",""key"":""model"",""value"":""power-black""}]"
"/product.html","/en/products/poison-squad.html?variant=:variant","301","[{""type"":""query"",""key"":""model"",""value"":""poison-squad""},{""type"":""query"",""key"":""variant"",""value"":""(?<variant>[a-z0-9-]+)""}]"
"/product.html","/en/products/poison-squad.html","301","[{""type"":""query"",""key"":""model"",""value"":""poison-squad""}]"
"/product.html","/en/products/hacker.html?variant=:variant","301","[{""type"":""query"",""key"":""model"",""value"":""hacker""},{""type"":""query"",""key"":""variant"",""value"":""(?<variant>[a-z0-9-]+)""}]"
"/product.html","/en/products/hacker.html","301","[{""type"":""query"",""key"":""model"",""value"":""hacker""}]"
"/product.html","/en/products/strongman.html?variant=:variant","301","[{""type"":""query"",""key"":""model"",""value"":""strongman""},{""type"":""query"",""key"":""variant"",""value"":""(?<variant>[a-z0-9-]+)""}]"
"/product.html","/en/products/strongman.html","301","[{""type"":""query"",""key"":""model"",""value"":""strongman""}]"
"/product.html","/en/products/viking.html?variant=:variant","301","[{""type"":""query"",""key"":""model"",""value"":""viking""},{""type"":""query"",""key"":""variant"",""value"":""(?<variant>[a-z0-9-]+)""}]"
"/product.html","/en/products/viking.html","301","[{""type"":""query"",""key"":""model"",""value"":""viking""}]"
"/product.html","/en/products/disco.html?variant=:variant","301","[{""type"":""query"",""key"":""model"",""value"":""disco""},{""type"":""query"",""key"":""variant"",""value"":""(?<variant>[a-z0-9-]+)""}]"
"/product.html","/en/products/disco.html","301","[{""type"":""query"",""key"":""model"",""value"":""disco""}]"
"/product.html","/en/products/matte-airbrushed.html?variant=:variant","301","[{""type"":""query"",""key"":""model"",""value"":""matte-airbrushed""},{""type"":""query"",""key"":""variant"",""value"":""(?<variant>[a-z0-9-]+)""}]"
"/product.html","/en/products/matte-airbrushed.html","301","[{""type"":""query"",""key"":""model"",""value"":""matte-airbrushed""}]"
"/product.html","/en/products/boxer-combat.html?variant=:variant","301","[{""type"":""query"",""key"":""model"",""value"":""boxer-combat""},{""type"":""query"",""key"":""variant"",""value"":""(?<variant>[a-z0-9-]+)""}]"
"/product.html","/en/products/boxer-combat.html","301","[{""type"":""query"",""key"":""model"",""value"":""boxer-combat""}]"
"/product.html","/en/products/boxer-fist.html?variant=:variant","301","[{""type"":""query"",""key"":""model"",""value"":""boxer-fist""},{""type"":""query"",""key"":""variant"",""value"":""(?<variant>[a-z0-9-]+)""}]"
"/product.html","/en/products/boxer-fist.html","301","[{""type"":""query"",""key"":""model"",""value"":""boxer-fist""}]"
"/product.html","/en/products/boxer-ring.html?variant=:variant","301","[{""type"":""query"",""key"":""model"",""value"":""boxer-ring""},{""type"":""query"",""key"":""variant"",""value"":""(?<variant>[a-z0-9-]+)""}]"
"/product.html","/en/products/boxer-ring.html","301","[{""type"":""query"",""key"":""model"",""value"":""boxer-ring""}]"
"/product.html","/en/products/boxer-combat-kids.html?variant=:variant","301","[{""type"":""query"",""key"":""model"",""value"":""boxer-combat-kids""},{""type"":""query"",""key"":""variant"",""value"":""(?<variant>[a-z0-9-]+)""}]"
"/product.html","/en/products/boxer-combat-kids.html","301","[{""type"":""query"",""key"":""model"",""value"":""boxer-combat-kids""}]"
"/product.html","/en/products/boxer-kids.html?variant=:variant","301","[{""type"":""query"",""key"":""model"",""value"":""boxer-kids""},{""type"":""query"",""key"":""variant"",""value"":""(?<variant>[a-z0-9-]+)""}]"
"/product.html","/en/products/boxer-kids.html","301","[{""type"":""query"",""key"":""model"",""value"":""boxer-kids""}]"
"/product.html","/en/products/boxer-flash-gift.html?variant=:variant","301","[{""type"":""query"",""key"":""model"",""value"":""boxer-flash-gift""},{""type"":""query"",""key"":""variant"",""value"":""(?<variant>[a-z0-9-]+)""}]"
"/product.html","/en/products/boxer-flash-gift.html","301","[{""type"":""query"",""key"":""model"",""value"":""boxer-flash-gift""}]"
"/product.html","/en/products/hammer.html?variant=:variant","301","[{""type"":""query"",""key"":""model"",""value"":""hammer""},{""type"":""query"",""key"":""variant"",""value"":""(?<variant>[a-z0-9-]+)""}]"
"/product.html","/en/products/hammer.html","301","[{""type"":""query"",""key"":""model"",""value"":""hammer""}]"
"/product.html","/en/products/kicker.html?variant=:variant","301","[{""type"":""query"",""key"":""model"",""value"":""kicker""},{""type"":""query"",""key"":""variant"",""value"":""(?<variant>[a-z0-9-]+)""}]"
"/product.html","/en/products/kicker.html","301","[{""type"":""query"",""key"":""model"",""value"":""kicker""}]"
"/product.html","/en/products/boxer-flash.html?variant=:variant","301","[{""type"":""query"",""key"":""model"",""value"":""boxer-flash""},{""type"":""query"",""key"":""variant"",""value"":""(?<variant>[a-z0-9-]+)""}]"
"/product.html","/en/products/boxer-flash.html","301","[{""type"":""query"",""key"":""model"",""value"":""boxer-flash""}]"
"/product.html","/en/products/boxer-gift.html?variant=:variant","301","[{""type"":""query"",""key"":""model"",""value"":""boxer-gift""},{""type"":""query"",""key"":""variant"",""value"":""(?<variant>[a-z0-9-]+)""}]"
"/product.html","/en/products/boxer-gift.html","301","[{""type"":""query"",""key"":""model"",""value"":""boxer-gift""}]"
"/product.html","/en/products/bouncy-castles-xs.html?variant=:variant","301","[{""type"":""query"",""key"":""model"",""value"":""bouncy-castles-xs""},{""type"":""query"",""key"":""variant"",""value"":""(?<variant>[a-z0-9-]+)""}]"
"/product.html","/en/products/bouncy-castles-xs.html","301","[{""type"":""query"",""key"":""model"",""value"":""bouncy-castles-xs""}]"
"/product.html","/en/products/air-hockey-golden.html?variant=:variant","301","[{""type"":""query"",""key"":""model"",""value"":""air-hockey-golden""},{""type"":""query"",""key"":""variant"",""value"":""(?<variant>[a-z0-9-]+)""}]"
"/product.html","/en/products/air-hockey-golden.html","301","[{""type"":""query"",""key"":""model"",""value"":""air-hockey-golden""}]"
"/product.html","/en/products/air-hockey-arctic.html?variant=:variant","301","[{""type"":""query"",""key"":""model"",""value"":""air-hockey-arctic""},{""type"":""query"",""key"":""variant"",""value"":""(?<variant>[a-z0-9-]+)""}]"
"/product.html","/en/products/air-hockey-arctic.html","301","[{""type"":""query"",""key"":""model"",""value"":""air-hockey-arctic""}]"
"/product.html","/en/products/air-hockey-matrix.html?variant=:variant","301","[{""type"":""query"",""key"":""model"",""value"":""air-hockey-matrix""},{""type"":""query"",""key"":""variant"",""value"":""(?<variant>[a-z0-9-]+)""}]"
"/product.html","/en/products/air-hockey-matrix.html","301","[{""type"":""query"",""key"":""model"",""value"":""air-hockey-matrix""}]"
"/product.html","/en/products/basketball-compact.html?variant=:variant","301","[{""type"":""query"",""key"":""model"",""value"":""basketball-compact""},{""type"":""query"",""key"":""variant"",""value"":""(?<variant>[a-z0-9-]+)""}]"
"/product.html","/en/products/basketball-compact.html","301","[{""type"":""query"",""key"":""model"",""value"":""basketball-compact""}]"
"/product.html","/en/products/basketball.html?variant=:variant","301","[{""type"":""query"",""key"":""model"",""value"":""basketball""},{""type"":""query"",""key"":""variant"",""value"":""(?<variant>[a-z0-9-]+)""}]"
"/product.html","/en/products/basketball.html","301","[{""type"":""query"",""key"":""model"",""value"":""basketball""}]"
"/product.html","/en/products/kids-basketball.html?variant=:variant","301","[{""type"":""query"",""key"":""model"",""value"":""kids-basketball""},{""type"":""query"",""key"":""variant"",""value"":""(?<variant>[a-z0-9-]+)""}]"
"/product.html","/en/products/kids-basketball.html","301","[{""type"":""query"",""key"":""model"",""value"":""kids-basketball""}]"
"/product.html","/en/products/kiddie-ride.html?variant=:variant","301","[{""type"":""query"",""key"":""model"",""value"":""kiddie-ride""},{""type"":""query"",""key"":""variant"",""value"":""(?<variant>[a-z0-9-]+)""}]"
"/product.html","/en/products/kiddie-ride.html","301","[{""type"":""query"",""key"":""model"",""value"":""kiddie-ride""}]"
"/product.html","/en/products/cyberdart.html?variant=:variant","301","[{""type"":""query"",""key"":""model"",""value"":""cyberdart""},{""type"":""query"",""key"":""variant"",""value"":""(?<variant>[a-z0-9-]+)""}]"
"/product.html","/en/products/cyberdart.html","301","[{""type"":""query"",""key"":""model"",""value"":""cyberdart""}]"
"/product-pl.html","/en/products/boxer-toy.html?variant=:variant","301","[{""type"":""query"",""key"":""model"",""value"":""boxer-toy""},{""type"":""query"",""key"":""variant"",""value"":""(?<variant>[a-z0-9-]+)""}]"
"/product-pl.html","/en/products/boxer-toy.html","301","[{""type"":""query"",""key"":""model"",""value"":""boxer-toy""}]"
"/product-pl.html","/en/products/monster-3in1-ticket.html?variant=:variant","301","[{""type"":""query"",""key"":""model"",""value"":""monster-3in1-ticket""},{""type"":""query"",""key"":""variant"",""value"":""(?<variant>[a-z0-9-]+)""}]"
"/product-pl.html","/en/products/monster-3in1-ticket.html","301","[{""type"":""query"",""key"":""model"",""value"":""monster-3in1-ticket""}]"
"/product-pl.html","/en/products/monster-3in1.html?variant=:variant","301","[{""type"":""query"",""key"":""model"",""value"":""monster-3in1""},{""type"":""query"",""key"":""variant"",""value"":""(?<variant>[a-z0-9-]+)""}]"
"/product-pl.html","/en/products/monster-3in1.html","301","[{""type"":""query"",""key"":""model"",""value"":""monster-3in1""}]"
"/product-pl.html","/en/products/double-hit.html?variant=:variant","301","[{""type"":""query"",""key"":""model"",""value"":""double-hit""},{""type"":""query"",""key"":""variant"",""value"":""(?<variant>[a-z0-9-]+)""}]"
"/product-pl.html","/en/products/double-hit.html","301","[{""type"":""query"",""key"":""model"",""value"":""double-hit""}]"
"/product-pl.html","/en/products/double-hit-gift.html?variant=:variant","301","[{""type"":""query"",""key"":""model"",""value"":""double-hit-gift""},{""type"":""query"",""key"":""variant"",""value"":""(?<variant>[a-z0-9-]+)""}]"
"/product-pl.html","/en/products/double-hit-gift.html","301","[{""type"":""query"",""key"":""model"",""value"":""double-hit-gift""}]"
"/product-pl.html","/en/products/double-hit-kids.html?variant=:variant","301","[{""type"":""query"",""key"":""model"",""value"":""double-hit-kids""},{""type"":""query"",""key"":""variant"",""value"":""(?<variant>[a-z0-9-]+)""}]"
"/product-pl.html","/en/products/double-hit-kids.html","301","[{""type"":""query"",""key"":""model"",""value"":""double-hit-kids""}]"
"/product-pl.html","/en/products/double-hit-kids-gift.html?variant=:variant","301","[{""type"":""query"",""key"":""model"",""value"":""double-hit-kids-gift""},{""type"":""query"",""key"":""variant"",""value"":""(?<variant>[a-z0-9-]+)""}]"
"/product-pl.html","/en/products/double-hit-kids-gift.html","301","[{""type"":""query"",""key"":""model"",""value"":""double-hit-kids-gift""}]"
"/product-pl.html","/en/products/double-strike.html?variant=:variant","301","[{""type"":""query"",""key"":""model"",""value"":""double-strike""},{""type"":""query"",""key"":""variant"",""value"":""(?<variant>[a-z0-9-]+)""}]"
"/product-pl.html","/en/products/double-strike.html","301","[{""type"":""query"",""key"":""model"",""value"":""double-strike""}]"
"/product-pl.html","/en/products/joker.html?variant=:variant","301","[{""type"":""query"",""key"":""model"",""value"":""joker""},{""type"":""query"",""key"":""variant"",""value"":""(?<variant>[a-z0-9-]+)""}]"
"/product-pl.html","/en/products/joker.html","301","[{""type"":""query"",""key"":""model"",""value"":""joker""}]"
"/product-pl.html","/en/products/pow-boxer.html?variant=:variant","301","[{""type"":""query"",""key"":""model"",""value"":""pow-boxer""},{""type"":""query"",""key"":""variant"",""value"":""(?<variant>[a-z0-9-]+)""}]"
"/product-pl.html","/en/products/pow-boxer.html","301","[{""type"":""query"",""key"":""model"",""value"":""pow-boxer""}]"
"/product-pl.html","/en/products/champion.html?variant=:variant","301","[{""type"":""query"",""key"":""model"",""value"":""champion""},{""type"":""query"",""key"":""variant"",""value"":""(?<variant>[a-z0-9-]+)""}]"
"/product-pl.html","/en/products/champion.html","301","[{""type"":""query"",""key"":""model"",""value"":""champion""}]"
"/product-pl.html","/en/products/easy.html?variant=:variant","301","[{""type"":""query"",""key"":""model"",""value"":""easy""},{""type"":""query"",""key"":""variant"",""value"":""(?<variant>[a-z0-9-]+)""}]"
"/product-pl.html","/en/products/easy.html","301","[{""type"":""query"",""key"":""model"",""value"":""easy""}]"
"/product-pl.html","/en/products/cyber-punch.html?variant=:variant","301","[{""type"":""query"",""key"":""model"",""value"":""cyber-punch""},{""type"":""query"",""key"":""variant"",""value"":""(?<variant>[a-z0-9-]+)""}]"
"/product-pl.html","/en/products/cyber-punch.html","301","[{""type"":""query"",""key"":""model"",""value"":""cyber-punch""}]"
"/product-pl.html","/en/products/gladiator.html?variant=:variant","301","[{""type"":""query"",""key"":""model"",""value"":""gladiator""},{""type"":""query"",""key"":""variant"",""value"":""(?<variant>[a-z0-9-]+)""}]"
"/product-pl.html","/en/products/gladiator.html","301","[{""type"":""query"",""key"":""model"",""value"":""gladiator""}]"
"/product-pl.html","/en/products/mma.html?variant=:variant","301","[{""type"":""query"",""key"":""model"",""value"":""mma""},{""type"":""query"",""key"":""variant"",""value"":""(?<variant>[a-z0-9-]+)""}]"
"/product-pl.html","/en/products/mma.html","301","[{""type"":""query"",""key"":""model"",""value"":""mma""}]"
"/product-pl.html","/en/products/black-jack.html?variant=:variant","301","[{""type"":""query"",""key"":""model"",""value"":""black-jack""},{""type"":""query"",""key"":""variant"",""value"":""(?<variant>[a-z0-9-]+)""}]"
"/product-pl.html","/en/products/black-jack.html","301","[{""type"":""query"",""key"":""model"",""value"":""black-jack""}]"
"/product-pl.html","/en/products/super-hero.html?variant=:variant","301","[{""type"":""query"",""key"":""model"",""value"":""super-hero""},{""type"":""query"",""key"":""variant"",""value"":""(?<variant>[a-z0-9-]+)""}]"
"/product-pl.html","/en/products/super-hero.html","301","[{""type"":""query"",""key"":""model"",""value"":""super-hero""}]"
"/product-pl.html","/en/products/power-black.html?variant=:variant","301","[{""type"":""query"",""key"":""model"",""value"":""power-black""},{""type"":""query"",""key"":""variant"",""value"":""(?<variant>[a-z0-9-]+)""}]"
"/product-pl.html","/en/products/power-black.html","301","[{""type"":""query"",""key"":""model"",""value"":""power-black""}]"
"/product-pl.html","/en/products/poison-squad.html?variant=:variant","301","[{""type"":""query"",""key"":""model"",""value"":""poison-squad""},{""type"":""query"",""key"":""variant"",""value"":""(?<variant>[a-z0-9-]+)""}]"
"/product-pl.html","/en/products/poison-squad.html","301","[{""type"":""query"",""key"":""model"",""value"":""poison-squad""}]"
"/product-pl.html","/en/products/hacker.html?variant=:variant","301","[{""type"":""query"",""key"":""model"",""value"":""hacker""},{""type"":""query"",""key"":""variant"",""value"":""(?<variant>[a-z0-9-]+)""}]"
"/product-pl.html","/en/products/hacker.html","301","[{""type"":""query"",""key"":""model"",""value"":""hacker""}]"
"/product-pl.html","/en/products/strongman.html?variant=:variant","301","[{""type"":""query"",""key"":""model"",""value"":""strongman""},{""type"":""query"",""key"":""variant"",""value"":""(?<variant>[a-z0-9-]+)""}]"
"/product-pl.html","/en/products/strongman.html","301","[{""type"":""query"",""key"":""model"",""value"":""strongman""}]"
"/product-pl.html","/en/products/viking.html?variant=:variant","301","[{""type"":""query"",""key"":""model"",""value"":""viking""},{""type"":""query"",""key"":""variant"",""value"":""(?<variant>[a-z0-9-]+)""}]"
"/product-pl.html","/en/products/viking.html","301","[{""type"":""query"",""key"":""model"",""value"":""viking""}]"
"/product-pl.html","/en/products/disco.html?variant=:variant","301","[{""type"":""query"",""key"":""model"",""value"":""disco""},{""type"":""query"",""key"":""variant"",""value"":""(?<variant>[a-z0-9-]+)""}]"
"/product-pl.html","/en/products/disco.html","301","[{""type"":""query"",""key"":""model"",""value"":""disco""}]"
"/product-pl.html","/en/products/matte-airbrushed.html?variant=:variant","301","[{""type"":""query"",""key"":""model"",""value"":""matte-airbrushed""},{""type"":""query"",""key"":""variant"",""value"":""(?<variant>[a-z0-9-]+)""}]"
"/product-pl.html","/en/products/matte-airbrushed.html","301","[{""type"":""query"",""key"":""model"",""value"":""matte-airbrushed""}]"
"/product-pl.html","/en/products/boxer-combat.html?variant=:variant","301","[{""type"":""query"",""key"":""model"",""value"":""boxer-combat""},{""type"":""query"",""key"":""variant"",""value"":""(?<variant>[a-z0-9-]+)""}]"
"/product-pl.html","/en/products/boxer-combat.html","301","[{""type"":""query"",""key"":""model"",""value"":""boxer-combat""}]"
"/product-pl.html","/en/products/boxer-fist.html?variant=:variant","301","[{""type"":""query"",""key"":""model"",""value"":""boxer-fist""},{""type"":""query"",""key"":""variant"",""value"":""(?<variant>[a-z0-9-]+)""}]"
"/product-pl.html","/en/products/boxer-fist.html","301","[{""type"":""query"",""key"":""model"",""value"":""boxer-fist""}]"
"/product-pl.html","/en/products/boxer-ring.html?variant=:variant","301","[{""type"":""query"",""key"":""model"",""value"":""boxer-ring""},{""type"":""query"",""key"":""variant"",""value"":""(?<variant>[a-z0-9-]+)""}]"
"/product-pl.html","/en/products/boxer-ring.html","301","[{""type"":""query"",""key"":""model"",""value"":""boxer-ring""}]"
"/product-pl.html","/en/products/boxer-combat-kids.html?variant=:variant","301","[{""type"":""query"",""key"":""model"",""value"":""boxer-combat-kids""},{""type"":""query"",""key"":""variant"",""value"":""(?<variant>[a-z0-9-]+)""}]"
"/product-pl.html","/en/products/boxer-combat-kids.html","301","[{""type"":""query"",""key"":""model"",""value"":""boxer-combat-kids""}]"
"/product-pl.html","/en/products/boxer-kids.html?variant=:variant","301","[{""type"":""query"",""key"":""model"",""value"":""boxer-kids""},{""type"":""query"",""key"":""variant"",""value"":""(?<variant>[a-z0-9-]+)""}]"
"/product-pl.html","/en/products/boxer-kids.html","301","[{""type"":""query"",""key"":""model"",""value"":""boxer-kids""}]"
"/product-pl.html","/en/products/boxer-flash-gift.html?variant=:variant","301","[{""type"":""query"",""key"":""model"",""value"":""boxer-flash-gift""},{""type"":""query"",""key"":""variant"",""value"":""(?<variant>[a-z0-9-]+)""}]"
"/product-pl.html","/en/products/boxer-flash-gift.html","301","[{""type"":""query"",""key"":""model"",""value"":""boxer-flash-gift""}]"
"/product-pl.html","/en/products/hammer.html?variant=:variant","301","[{""type"":""query"",""key"":""model"",""value"":""hammer""},{""type"":""query"",""key"":""variant"",""value"":""(?<variant>[a-z0-9-]+)""}]"
"/product-pl.html","/en/products/hammer.html","301","[{""type"":""query"",""key"":""model"",""value"":""hammer""}]"
"/product-pl.html","/en/products/kicker.html?variant=:variant","301","[{""type"":""query"",""key"":""model"",""value"":""kicker""},{""type"":""query"",""key"":""variant"",""value"":""(?<variant>[a-z0-9-]+)""}]"
"/product-pl.html","/en/products/kicker.html","301","[{""type"":""query"",""key"":""model"",""value"":""kicker""}]"
"/product-pl.html","/en/products/boxer-flash.html?variant=:variant","301","[{""type"":""query"",""key"":""model"",""value"":""boxer-flash""},{""type"":""query"",""key"":""variant"",""value"":""(?<variant>[a-z0-9-]+)""}]"
"/product-pl.html","/en/products/boxer-flash.html","301","[{""type"":""query"",""key"":""model"",""value"":""boxer-flash""}]"
"/product-pl.html","/en/products/boxer-gift.html?variant=:variant","301","[{""type"":""query"",""key"":""model"",""value"":""boxer-gift""},{""type"":""query"",""key"":""variant"",""value"":""(?<variant>[a-z0-9-]+)""}]"
"/product-pl.html","/en/products/boxer-gift.html","301","[{""type"":""query"",""key"":""model"",""value"":""boxer-gift""}]"
"/product-pl.html","/en/products/bouncy-castles-xs.html?variant=:variant","301","[{""type"":""query"",""key"":""model"",""value"":""bouncy-castles-xs""},{""type"":""query"",""key"":""variant"",""value"":""(?<variant>[a-z0-9-]+)""}]"
"/product-pl.html","/en/products/bouncy-castles-xs.html","301","[{""type"":""query"",""key"":""model"",""value"":""bouncy-castles-xs""}]"
"/product-pl.html","/en/products/air-hockey-golden.html?variant=:variant","301","[{""type"":""query"",""key"":""model"",""value"":""air-hockey-golden""},{""type"":""query"",""key"":""variant"",""value"":""(?<variant>[a-z0-9-]+)""}]"
"/product-pl.html","/en/products/air-hockey-golden.html","301","[{""type"":""query"",""key"":""model"",""value"":""air-hockey-golden""}]"
"/product-pl.html","/en/products/air-hockey-arctic.html?variant=:variant","301","[{""type"":""query"",""key"":""model"",""value"":""air-hockey-arctic""},{""type"":""query"",""key"":""variant"",""value"":""(?<variant>[a-z0-9-]+)""}]"
"/product-pl.html","/en/products/air-hockey-arctic.html","301","[{""type"":""query"",""key"":""model"",""value"":""air-hockey-arctic""}]"
"/product-pl.html","/en/products/air-hockey-matrix.html?variant=:variant","301","[{""type"":""query"",""key"":""model"",""value"":""air-hockey-matrix""},{""type"":""query"",""key"":""variant"",""value"":""(?<variant>[a-z0-9-]+)""}]"
"/product-pl.html","/en/products/air-hockey-matrix.html","301","[{""type"":""query"",""key"":""model"",""value"":""air-hockey-matrix""}]"
"/product-pl.html","/en/products/basketball-compact.html?variant=:variant","301","[{""type"":""query"",""key"":""model"",""value"":""basketball-compact""},{""type"":""query"",""key"":""variant"",""value"":""(?<variant>[a-z0-9-]+)""}]"
"/product-pl.html","/en/products/basketball-compact.html","301","[{""type"":""query"",""key"":""model"",""value"":""basketball-compact""}]"
"/product-pl.html","/en/products/basketball.html?variant=:variant","301","[{""type"":""query"",""key"":""model"",""value"":""basketball""},{""type"":""query"",""key"":""variant"",""value"":""(?<variant>[a-z0-9-]+)""}]"
"/product-pl.html","/en/products/basketball.html","301","[{""type"":""query"",""key"":""model"",""value"":""basketball""}]"
"/product-pl.html","/en/products/kids-basketball.html?variant=:variant","301","[{""type"":""query"",""key"":""model"",""value"":""kids-basketball""},{""type"":""query"",""key"":""variant"",""value"":""(?<variant>[a-z0-9-]+)""}]"
"/product-pl.html","/en/products/kids-basketball.html","301","[{""type"":""query"",""key"":""model"",""value"":""kids-basketball""}]"
"/product-pl.html","/en/products/kiddie-ride.html?variant=:variant","301","[{""type"":""query"",""key"":""model"",""value"":""kiddie-ride""},{""type"":""query"",""key"":""variant"",""value"":""(?<variant>[a-z0-9-]+)""}]"
"/product-pl.html","/en/products/kiddie-ride.html","301","[{""type"":""query"",""key"":""model"",""value"":""kiddie-ride""}]"
"/product-pl.html","/en/products/cyberdart.html?variant=:variant","301","[{""type"":""query"",""key"":""model"",""value"":""cyberdart""},{""type"":""query"",""key"":""variant"",""value"":""(?<variant>[a-z0-9-]+)""}]"
"/product-pl.html","/en/products/cyberdart.html","301","[{""type"":""query"",""key"":""model"",""value"":""cyberdart""}]"
"/product-es.html","/es/productos/boxer-toy.html?variant=:variant","301","[{""type"":""query"",""key"":""model"",""value"":""boxer-toy""},{""type"":""query"",""key"":""variant"",""value"":""(?<variant>[a-z0-9-]+)""}]"
"/product-es.html","/es/productos/boxer-toy.html","301","[{""type"":""query"",""key"":""model"",""value"":""boxer-toy""}]"
"/product-es.html","/es/productos/monster-3in1-ticket.html?variant=:variant","301","[{""type"":""query"",""key"":""model"",""value"":""monster-3in1-ticket""},{""type"":""query"",""key"":""variant"",""value"":""(?<variant>[a-z0-9-]+)""}]"
"/product-es.html","/es/productos/monster-3in1-ticket.html","301","[{""type"":""query"",""key"":""model"",""value"":""monster-3in1-ticket""}]"
"/product-es.html","/es/productos/monster-3in1.html?variant=:variant","301","[{""type"":""query"",""key"":""model"",""value"":""monster-3in1""},{""type"":""query"",""key"":""variant"",""value"":""(?<variant>[a-z0-9-]+)""}]"
"/product-es.html","/es/productos/monster-3in1.html","301","[{""type"":""query"",""key"":""model"",""value"":""monster-3in1""}]"
"/product-es.html","/es/productos/double-hit.html?variant=:variant","301","[{""type"":""query"",""key"":""model"",""value"":""double-hit""},{""type"":""query"",""key"":""variant"",""value"":""(?<variant>[a-z0-9-]+)""}]"
"/product-es.html","/es/productos/double-hit.html","301","[{""type"":""query"",""key"":""model"",""value"":""double-hit""}]"
"/product-es.html","/es/productos/double-hit-gift.html?variant=:variant","301","[{""type"":""query"",""key"":""model"",""value"":""double-hit-gift""},{""type"":""query"",""key"":""variant"",""value"":""(?<variant>[a-z0-9-]+)""}]"
"/product-es.html","/es/productos/double-hit-gift.html","301","[{""type"":""query"",""key"":""model"",""value"":""double-hit-gift""}]"
"/product-es.html","/es/productos/double-hit-kids.html?variant=:variant","301","[{""type"":""query"",""key"":""model"",""value"":""double-hit-kids""},{""type"":""query"",""key"":""variant"",""value"":""(?<variant>[a-z0-9-]+)""}]"
"/product-es.html","/es/productos/double-hit-kids.html","301","[{""type"":""query"",""key"":""model"",""value"":""double-hit-kids""}]"
"/product-es.html","/es/productos/double-hit-kids-gift.html?variant=:variant","301","[{""type"":""query"",""key"":""model"",""value"":""double-hit-kids-gift""},{""type"":""query"",""key"":""variant"",""value"":""(?<variant>[a-z0-9-]+)""}]"
"/product-es.html","/es/productos/double-hit-kids-gift.html","301","[{""type"":""query"",""key"":""model"",""value"":""double-hit-kids-gift""}]"
"/product-es.html","/es/productos/double-strike.html?variant=:variant","301","[{""type"":""query"",""key"":""model"",""value"":""double-strike""},{""type"":""query"",""key"":""variant"",""value"":""(?<variant>[a-z0-9-]+)""}]"
"/product-es.html","/es/productos/double-strike.html","301","[{""type"":""query"",""key"":""model"",""value"":""double-strike""}]"
"/product-es.html","/es/productos/joker.html?variant=:variant","301","[{""type"":""query"",""key"":""model"",""value"":""joker""},{""type"":""query"",""key"":""variant"",""value"":""(?<variant>[a-z0-9-]+)""}]"
"/product-es.html","/es/productos/joker.html","301","[{""type"":""query"",""key"":""model"",""value"":""joker""}]"
"/product-es.html","/es/productos/pow-boxer.html?variant=:variant","301","[{""type"":""query"",""key"":""model"",""value"":""pow-boxer""},{""type"":""query"",""key"":""variant"",""value"":""(?<variant>[a-z0-9-]+)""}]"
"/product-es.html","/es/productos/pow-boxer.html","301","[{""type"":""query"",""key"":""model"",""value"":""pow-boxer""}]"
"/product-es.html","/es/productos/champion.html?variant=:variant","301","[{""type"":""query"",""key"":""model"",""value"":""champion""},{""type"":""query"",""key"":""variant"",""value"":""(?<variant>[a-z0-9-]+)""}]"
"/product-es.html","/es/productos/champion.html","301","[{""type"":""query"",""key"":""model"",""value"":""champion""}]"
"/product-es.html","/es/productos/easy.html?variant=:variant","301","[{""type"":""query"",""key"":""model"",""value"":""easy""},{""type"":""query"",""key"":""variant"",""value"":""(?<variant>[a-z0-9-]+)""}]"
"/product-es.html","/es/productos/easy.html","301","[{""type"":""query"",""key"":""model"",""value"":""easy""}]"
"/product-es.html","/es/productos/cyber-punch.html?variant=:variant","301","[{""type"":""query"",""key"":""model"",""value"":""cyber-punch""},{""type"":""query"",""key"":""variant"",""value"":""(?<variant>[a-z0-9-]+)""}]"
"/product-es.html","/es/productos/cyber-punch.html","301","[{""type"":""query"",""key"":""model"",""value"":""cyber-punch""}]"
"/product-es.html","/es/productos/gladiator.html?variant=:variant","301","[{""type"":""query"",""key"":""model"",""value"":""gladiator""},{""type"":""query"",""key"":""variant"",""value"":""(?<variant>[a-z0-9-]+)""}]"
"/product-es.html","/es/productos/gladiator.html","301","[{""type"":""query"",""key"":""model"",""value"":""gladiator""}]"
"/product-es.html","/es/productos/mma.html?variant=:variant","301","[{""type"":""query"",""key"":""model"",""value"":""mma""},{""type"":""query"",""key"":""variant"",""value"":""(?<variant>[a-z0-9-]+)""}]"
"/product-es.html","/es/productos/mma.html","301","[{""type"":""query"",""key"":""model"",""value"":""mma""}]"
"/product-es.html","/es/productos/black-jack.html?variant=:variant","301","[{""type"":""query"",""key"":""model"",""value"":""black-jack""},{""type"":""query"",""key"":""variant"",""value"":""(?<variant>[a-z0-9-]+)""}]"
"/product-es.html","/es/productos/black-jack.html","301","[{""type"":""query"",""key"":""model"",""value"":""black-jack""}]"
"/product-es.html","/es/productos/super-hero.html?variant=:variant","301","[{""type"":""query"",""key"":""model"",""value"":""super-hero""},{""type"":""query"",""key"":""variant"",""value"":""(?<variant>[a-z0-9-]+)""}]"
"/product-es.html","/es/productos/super-hero.html","301","[{""type"":""query"",""key"":""model"",""value"":""super-hero""}]"
"/product-es.html","/es/productos/power-black.html?variant=:variant","301","[{""type"":""query"",""key"":""model"",""value"":""power-black""},{""type"":""query"",""key"":""variant"",""value"":""(?<variant>[a-z0-9-]+)""}]"
"/product-es.html","/es/productos/power-black.html","301","[{""type"":""query"",""key"":""model"",""value"":""power-black""}]"
"/product-es.html","/es/productos/poison-squad.html?variant=:variant","301","[{""type"":""query"",""key"":""model"",""value"":""poison-squad""},{""type"":""query"",""key"":""variant"",""value"":""(?<variant>[a-z0-9-]+)""}]"
"/product-es.html","/es/productos/poison-squad.html","301","[{""type"":""query"",""key"":""model"",""value"":""poison-squad""}]"
"/product-es.html","/es/productos/hacker.html?variant=:variant","301","[{""type"":""query"",""key"":""model"",""value"":""hacker""},{""type"":""query"",""key"":""variant"",""value"":""(?<variant>[a-z0-9-]+)""}]"
"/product-es.html","/es/productos/hacker.html","301","[{""type"":""query"",""key"":""model"",""value"":""hacker""}]"
"/product-es.html","/es/productos/strongman.html?variant=:variant","301","[{""type"":""query"",""key"":""model"",""value"":""strongman""},{""type"":""query"",""key"":""variant"",""value"":""(?<variant>[a-z0-9-]+)""}]"
"/product-es.html","/es/productos/strongman.html","301","[{""type"":""query"",""key"":""model"",""value"":""strongman""}]"
"/product-es.html","/es/productos/viking.html?variant=:variant","301","[{""type"":""query"",""key"":""model"",""value"":""viking""},{""type"":""query"",""key"":""variant"",""value"":""(?<variant>[a-z0-9-]+)""}]"
"/product-es.html","/es/productos/viking.html","301","[{""type"":""query"",""key"":""model"",""value"":""viking""}]"
"/product-es.html","/es/productos/disco.html?variant=:variant","301","[{""type"":""query"",""key"":""model"",""value"":""disco""},{""type"":""query"",""key"":""variant"",""value"":""(?<variant>[a-z0-9-]+)""}]"
"/product-es.html","/es/productos/disco.html","301","[{""type"":""query"",""key"":""model"",""value"":""disco""}]"
"/product-es.html","/es/productos/matte-airbrushed.html?variant=:variant","301","[{""type"":""query"",""key"":""model"",""value"":""matte-airbrushed""},{""type"":""query"",""key"":""variant"",""value"":""(?<variant>[a-z0-9-]+)""}]"
"/product-es.html","/es/productos/matte-airbrushed.html","301","[{""type"":""query"",""key"":""model"",""value"":""matte-airbrushed""}]"
"/product-es.html","/es/productos/boxer-combat.html?variant=:variant","301","[{""type"":""query"",""key"":""model"",""value"":""boxer-combat""},{""type"":""query"",""key"":""variant"",""value"":""(?<variant>[a-z0-9-]+)""}]"
"/product-es.html","/es/productos/boxer-combat.html","301","[{""type"":""query"",""key"":""model"",""value"":""boxer-combat""}]"
"/product-es.html","/es/productos/boxer-fist.html?variant=:variant","301","[{""type"":""query"",""key"":""model"",""value"":""boxer-fist""},{""type"":""query"",""key"":""variant"",""value"":""(?<variant>[a-z0-9-]+)""}]"
"/product-es.html","/es/productos/boxer-fist.html","301","[{""type"":""query"",""key"":""model"",""value"":""boxer-fist""}]"
"/product-es.html","/es/productos/boxer-ring.html?variant=:variant","301","[{""type"":""query"",""key"":""model"",""value"":""boxer-ring""},{""type"":""query"",""key"":""variant"",""value"":""(?<variant>[a-z0-9-]+)""}]"
"/product-es.html","/es/productos/boxer-ring.html","301","[{""type"":""query"",""key"":""model"",""value"":""boxer-ring""}]"
"/product-es.html","/es/productos/boxer-combat-kids.html?variant=:variant","301","[{""type"":""query"",""key"":""model"",""value"":""boxer-combat-kids""},{""type"":""query"",""key"":""variant"",""value"":""(?<variant>[a-z0-9-]+)""}]"
"/product-es.html","/es/productos/boxer-combat-kids.html","301","[{""type"":""query"",""key"":""model"",""value"":""boxer-combat-kids""}]"
"/product-es.html","/es/productos/boxer-kids.html?variant=:variant","301","[{""type"":""query"",""key"":""model"",""value"":""boxer-kids""},{""type"":""query"",""key"":""variant"",""value"":""(?<variant>[a-z0-9-]+)""}]"
"/product-es.html","/es/productos/boxer-kids.html","301","[{""type"":""query"",""key"":""model"",""value"":""boxer-kids""}]"
"/product-es.html","/es/productos/boxer-flash-gift.html?variant=:variant","301","[{""type"":""query"",""key"":""model"",""value"":""boxer-flash-gift""},{""type"":""query"",""key"":""variant"",""value"":""(?<variant>[a-z0-9-]+)""}]"
"/product-es.html","/es/productos/boxer-flash-gift.html","301","[{""type"":""query"",""key"":""model"",""value"":""boxer-flash-gift""}]"
"/product-es.html","/es/productos/hammer.html?variant=:variant","301","[{""type"":""query"",""key"":""model"",""value"":""hammer""},{""type"":""query"",""key"":""variant"",""value"":""(?<variant>[a-z0-9-]+)""}]"
"/product-es.html","/es/productos/hammer.html","301","[{""type"":""query"",""key"":""model"",""value"":""hammer""}]"
"/product-es.html","/es/productos/kicker.html?variant=:variant","301","[{""type"":""query"",""key"":""model"",""value"":""kicker""},{""type"":""query"",""key"":""variant"",""value"":""(?<variant>[a-z0-9-]+)""}]"
"/product-es.html","/es/productos/kicker.html","301","[{""type"":""query"",""key"":""model"",""value"":""kicker""}]"
"/product-es.html","/es/productos/boxer-flash.html?variant=:variant","301","[{""type"":""query"",""key"":""model"",""value"":""boxer-flash""},{""type"":""query"",""key"":""variant"",""value"":""(?<variant>[a-z0-9-]+)""}]"
"/product-es.html","/es/productos/boxer-flash.html","301","[{""type"":""query"",""key"":""model"",""value"":""boxer-flash""}]"
"/product-es.html","/es/productos/boxer-gift.html?variant=:variant","301","[{""type"":""query"",""key"":""model"",""value"":""boxer-gift""},{""type"":""query"",""key"":""variant"",""value"":""(?<variant>[a-z0-9-]+)""}]"
"/product-es.html","/es/productos/boxer-gift.html","301","[{""type"":""query"",""key"":""model"",""value"":""boxer-gift""}]"
"/product-es.html","/es/productos/bouncy-castles-xs.html?variant=:variant","301","[{""type"":""query"",""key"":""model"",""value"":""bouncy-castles-xs""},{""type"":""query"",""key"":""variant"",""value"":""(?<variant>[a-z0-9-]+)""}]"
"/product-es.html","/es/productos/bouncy-castles-xs.html","301","[{""type"":""query"",""key"":""model"",""value"":""bouncy-castles-xs""}]"
"/product-es.html","/es/productos/air-hockey-golden.html?variant=:variant","301","[{""type"":""query"",""key"":""model"",""value"":""air-hockey-golden""},{""type"":""query"",""key"":""variant"",""value"":""(?<variant>[a-z0-9-]+)""}]"
"/product-es.html","/es/productos/air-hockey-golden.html","301","[{""type"":""query"",""key"":""model"",""value"":""air-hockey-golden""}]"
"/product-es.html","/es/productos/air-hockey-arctic.html?variant=:variant","301","[{""type"":""query"",""key"":""model"",""value"":""air-hockey-arctic""},{""type"":""query"",""key"":""variant"",""value"":""(?<variant>[a-z0-9-]+)""}]"
"/product-es.html","/es/productos/air-hockey-arctic.html","301","[{""type"":""query"",""key"":""model"",""value"":""air-hockey-arctic""}]"
"/product-es.html","/es/productos/air-hockey-matrix.html?variant=:variant","301","[{""type"":""query"",""key"":""model"",""value"":""air-hockey-matrix""},{""type"":""query"",""key"":""variant"",""value"":""(?<variant>[a-z0-9-]+)""}]"
"/product-es.html","/es/productos/air-hockey-matrix.html","301","[{""type"":""query"",""key"":""model"",""value"":""air-hockey-matrix""}]"
"/product-es.html","/es/productos/basketball-compact.html?variant=:variant","301","[{""type"":""query"",""key"":""model"",""value"":""basketball-compact""},{""type"":""query"",""key"":""variant"",""value"":""(?<variant>[a-z0-9-]+)""}]"
"/product-es.html","/es/productos/basketball-compact.html","301","[{""type"":""query"",""key"":""model"",""value"":""basketball-compact""}]"
"/product-es.html","/es/productos/basketball.html?variant=:variant","301","[{""type"":""query"",""key"":""model"",""value"":""basketball""},{""type"":""query"",""key"":""variant"",""value"":""(?<variant>[a-z0-9-]+)""}]"
"/product-es.html","/es/productos/basketball.html","301","[{""type"":""query"",""key"":""model"",""value"":""basketball""}]"
"/product-es.html","/es/productos/kids-basketball.html?variant=:variant","301","[{""type"":""query"",""key"":""model"",""value"":""kids-basketball""},{""type"":""query"",""key"":""variant"",""value"":""(?<variant>[a-z0-9-]+)""}]"
"/product-es.html","/es/productos/kids-basketball.html","301","[{""type"":""query"",""key"":""model"",""value"":""kids-basketball""}]"
"/product-es.html","/es/productos/kiddie-ride.html?variant=:variant","301","[{""type"":""query"",""key"":""model"",""value"":""kiddie-ride""},{""type"":""query"",""key"":""variant"",""value"":""(?<variant>[a-z0-9-]+)""}]"
"/product-es.html","/es/productos/kiddie-ride.html","301","[{""type"":""query"",""key"":""model"",""value"":""kiddie-ride""}]"
"/product-es.html","/es/productos/cyberdart.html?variant=:variant","301","[{""type"":""query"",""key"":""model"",""value"":""cyberdart""},{""type"":""query"",""key"":""variant"",""value"":""(?<variant>[a-z0-9-]+)""}]"
"/product-es.html","/es/productos/cyberdart.html","301","[{""type"":""query"",""key"":""model"",""value"":""cyberdart""}]"
"/pl/produkty/:slug.html","/en/products/:slug.html","301","[]"
"/pl/boxer-standard.html","/boxer-standard.html","301","[]"
"/pl/katalog.html","/catalog.html","301","[]"
"/pl/:path*","/","301","[]"
"/monster-3in1-ticket","/en/products/monster-3in1-ticket.html","301","[]"
"/monster-3w1","/en/products/monster-3in1.html","301","[]"
"/double-hit","/en/products/double-hit.html","301","[]"
"/double-hit-gift","/en/products/double-hit-gift.html","301","[]"
"/double-hit-kids","/en/products/double-hit-kids.html","301","[]"
"/double-hit-kids-gift","/en/products/double-hit-kids-gift.html","301","[]"
"/double-strike","/en/products/double-strike.html","301","[]"
"/joker","/en/products/joker.html","301","[]"
"/boxer-standard-powboxer","/en/products/pow-boxer.html","301","[]"
"/boxer-standard-champion","/en/products/champion.html","301","[]"
"/boxer-standard-easy","/en/products/easy.html","301","[]"
"/boxer-standard-cyberpunch","/en/products/cyber-punch.html","301","[]"
"/boxer-standard-gladiator","/en/products/gladiator.html","301","[]"
"/boxer-standard-mma","/en/products/mma.html","301","[]"
"/boxer-standard-blackjack","/en/products/black-jack.html","301","[]"
"/super-hero","/en/products/super-hero.html","301","[]"
"/boxer-standard-powerblack","/en/products/power-black.html","301","[]"
"/boxer-standard-poisonsquad","/en/products/poison-squad.html","301","[]"
"/boxer-standard-hacker","/en/products/hacker.html","301","[]"
"/boxer-standard-strongman","/en/products/strongman.html","301","[]"
"/boxer-standard-viking","/en/products/viking.html","301","[]"
"/boxer-standard-disco","/en/products/disco.html","301","[]"
"/matte-airbrushed-boxer","/en/products/matte-airbrushed.html","301","[]"
"/boxer-combat","/en/products/boxer-combat.html","301","[]"
"/boxer-fist-3-player","/en/products/boxer-fist.html","301","[]"
"/boxer-ring","/en/products/boxer-ring.html","301","[]"
"/boxer-combat-kids","/en/products/boxer-combat-kids.html","301","[]"
"/boxer-kids","/en/products/boxer-kids.html","301","[]"
"/boxer-flash-gift","/en/products/boxer-flash-gift.html","301","[]"
"/hammer","/en/products/hammer.html","301","[]"
"/kicker","/en/products/kicker.html","301","[]"
"/boxer-gift","/en/products/boxer-gift.html","301","[]"
"/bouncy-castles-size-xs","/en/products/bouncy-castles-xs.html","301","[]"
"/air-hockey","/?category=distributed#machines","301","[]"
"/basketball","/?category=distributed#machines","301","[]"
"/boxer-standard","/boxer-standard.html","301","[]"